{"type": "FeatureCollection", "metadata": {"generated": 1784289600000, "title": "USGS Magnitude 4.5+ Earthquakes, Past Month (BUNDLED FALLBACK SAMPLE)", "count": 410, "note": "Synthetic fallback used only when the live USGS feed is unavailable."}, "features": [{"type": "Feature", "id": "fb00037", "properties": {"mag": 6.0, "place": "Izu Islands, Japan region", "time": 1784276510944, "updated": 1784276570944, "url": "https://earthquake.usgs.gov/", "magType": "mb", "type": "earthquake", "title": "M 6.0 - Izu Islands, Japan region"}, "geometry": {"type": "Point", "coordinates": [142.3766, 43.3318, 52.99]}}, {"type": "Feature", "id": "fb00134", "properties": {"mag": 6.1, "place": "south of Java, Indonesia", "time": 1784271798486, "updated": 1784271858486, "url": "https://earthquake.usgs.gov/", "magType": "mwc", "type": "earthquake", "title": "M 6.1 - off the coast of Sumatra, Indonesia"}, "geometry": {"type": "Point", "coordinates": [110.5355, -5.5837, 26.12]}}, {"type": "Feature", "id": "fb00161", "properties": {"mag": 6.1, "place": "Mindanao, Philippines", "time": 1784262035718, "updated": 1784262095718, "url": "https://earthquake.usgs.gov/", "magType": "ml", "type": "earthquake", "title": "M 6.1 - near the coast of Luzon, Philippines"}, "geometry": {"type": "Point", "coordinates": [124.0697, 9.2058, 126.58]}}, {"type": "Feature", "id": "fb00089", "properties": {"mag": 4.6, "place": "off the coast of Sumatra, Indonesia", "time": 1784261473934, "updated": 1784261533934, "url": "https://earthquake.usgs.gov/", "magType": "mwc", "type": "earthquake", "title": "M 4.6 - near Sulawesi, Indonesia"}, "geometry": {"type": "Point", "coordinates": [118.6051, -3.4485, 50.6]}}, {"type": "Feature", "id": "fb00270", "properties": {"mag": 4.6, "place": "Argentina", "time": 1784261113389, "updated": 1784261173389, "url": "https://earthquake.usgs.gov/", "magType": "ml", "type": "earthquake", "title": "M 4.6 - Tarapaca, Chile"}, "geometry": {"type": "Point", "coordinates": [-69.2587, -16.3608, 238.3]}}, {"type": "Feature", "id": "fb00283", "properties": {"mag": 4.8, "place": "El Salvador", "time": 1784249423414, "updated": 1784249483414, "url": "https://earthquake.usgs.gov/", "magType": "mwc", "type": "earthquake", "title": "M 4.8 - Oaxaca, Mexico"}, "geometry": {"type": "Point", "coordinates": [-104.2534, 19.7697, 24.35]}}, {"type": "Feature", "id": "fb00199", "properties": {"mag": 4.8, "place": "Andreanof Islands, Aleutian Is.", "time": 1784231806435, "updated": 1784231866435, "url": "https://earthquake.usgs.gov/", "magType": "mww", "type": "earthquake", "title": "M 4.8 - Fox Islands, Aleutian Is."}, "geometry": {"type": "Point", "coordinates": [175.4626, 58.3737, 60.85]}}, {"type": "Feature", "id": "fb00206", "properties": {"mag": 5.8, "place": "Fox Islands, Aleutian Is.", "time": 1784230614481, "updated": 1784230674481, "url": "https://earthquake.usgs.gov/", "magType": "mww", "type": "earthquake", "title": "M 5.8 - south of Alaska"}, "geometry": {"type": "Point", "coordinates": [173.3761, 57.8282, 62.94]}}, {"type": "Feature", "id": "fb00063", "properties": {"mag": 5.6, "place": "ENE of Kuji, Japan", "time": 1784226953367, "updated": 1784227013367, "url": "https://earthquake.usgs.gov/", "magType": "mb", "type": "earthquake", "title": "M 5.6 - ENE of Kuji, Japan"}, "geometry": {"type": "Point", "coordinates": [137.5734, 43.3416, 20.72]}}, {"type": "Feature", "id": "fb00369", "properties": {"mag": 4.5, "place": "central Mid-Atlantic Ridge", "time": 1784225990357, "updated": 1784226050357, "url": "https://earthquake.usgs.gov/", "magType": "mwc", "type": "earthquake", "title": "M 4.5 - Reykjanes Ridge"}, "geometry": {"type": "Point", "coordinates": [-11.4164, 50.6033, 41.13]}}, {"type": "Feature", "id": "fb00284", "properties": {"mag": 4.9, "place": "near the coast of Chiapas, Mexico", "time": 1784225786981, "updated": 1784225846981, "url": "https://earthquake.usgs.gov/", "magType": "mww", "type": "earthquake", "title": "M 4.9 - offshore Guatemala"}, "geometry": {"type": "Point", "coordinates": [-86.0239, 7.5008, 46.71]}}, {"type": "Feature", "id": "fb00364", "properties": {"mag": 4.9, "place": "Reykjanes Ridge", "time": 1784220620240, "updated": 1784220680240, "url": "https://earthquake.usgs.gov/", "magType": "mb", "type": "earthquake", "title": "M 4.9 - Reykjanes Ridge"}, "geometry": {"type": "Point", "coordinates": [-19.5189, 46.5589, 59.67]}}, {"type": "Feature", "id": "fb00059", "properties": {"mag": 4.5, "place": "Izu Islands, Japan region", "time": 1784220423945, "updated": 1784220483945, "url": "https://earthquake.usgs.gov/", "magType": "ml", "type": "earthquake", "title": "M 4.5 - off the east coast of Honshu, Japan"}, "geometry": {"type": "Point", "coordinates": [134.3816, 36.2195, 11.15]}}, {"type": "Feature", "id": "fb00396", "properties": {"mag": 5.1, "place": "southern Iran", "time": 1784218044845, "updated": 1784218104845, "url": "https://earthquake.usgs.gov/", "magType": "ml", "type": "earthquake", "title": "M 5.1 - Greece"}, "geometry": {"type": "Point", "coordinates": [59.0608, 36.1619, 52.45]}}, {"type": "Feature", "id": "fb00160", "properties": {"mag": 5.7, "place": "Samar, Philippines", "time": 1784207149646, "updated": 1784207209646, "url": "https://earthquake.usgs.gov/", "magType": "mwc", "type": "earthquake", "title": "M 5.7 - Mindanao, Philippines"}, "geometry": {"type": "Point", "coordinates": [127.3177, 8.3653, 592.57]}}, {"type": "Feature", "id": "fb00272", "properties": {"mag": 4.7, "place": "off the coast of Antofagasta, Chile", "time": 1784206293200, "updated": 1784206353200, "url": "https://earthquake.usgs.gov/", "magType": "mb", "type": "earthquake", "title": "M 4.7 - southern Peru"}, "geometry": {"type": "Point", "coordinates": [-74.0128, -24.1533, 413.16]}}, {"type": "Feature", "id": "fb00194", "properties": {"mag": 5.6, "place": "Andreanof Islands, Aleutian Is.", "time": 1784194764994, "updated": 1784194824994, "url": "https://earthquake.usgs.gov/", "magType": "mb", "type": "earthquake", "title": "M 5.6 - south of Alaska"}, "geometry": {"type": "Point", "coordinates": [170.3124, 50.8224, 60.93]}}, {"type": "Feature", "id": "fb00405", "properties": {"mag": 5.0, "place": "Owen Fracture Zone", "time": 1784187596707, "updated": 1784187656707, "url": "https://earthquake.usgs.gov/", "magType": "ml", "type": "earthquake", "title": "M 5.0 - central East Pacific Rise"}, "geometry": {"type": "Point", "coordinates": [12.8986, -8.8107, 63.89]}}, {"type": "Feature", "id": "fb00313", "properties": {"mag": 4.6, "place": "Kermadec Islands region", "time": 1784187266753, "updated": 1784187326753, "url": "https://earthquake.usgs.gov/", "magType": "mb", "type": "earthquake", "title": "M 4.6 - Tonga"}, "geometry": {"type": "Point", "coordinates": [-174.1375, -39.8887, 56.42]}}, {"type": "Feature", "id": "fb00381", "properties": {"mag": 5.2, "place": "eastern Turkey", "time": 1784186555497, "updated": 1784186615497, "url": "https://earthquake.usgs.gov/", "magType": "mwc", "type": "earthquake", "title": "M 5.2 - eastern Turkey"}, "geometry": {"type": "Point", "coordinates": [45.7771, 39.9848, 17.89]}}, {"type": "Feature", "id": "fb00011", "properties": {"mag": 4.7, "place": "Kuril Islands", "time": 1784182266589, "updated": 1784182326589, "url": "https://earthquake.usgs.gov/", "magType": "ml", "type": "earthquake", "title": "M 4.7 - ENE of Kuji, Japan"}, "geometry": {"type": "Point", "coordinates": [134.0754, 30.7481, 45.39]}}, {"type": "Feature", "id": "fb00209", "properties": {"mag": 4.6, "place": "E of Atka, Alaska", "time": 1784174515998, "updated": 1784174575998, "url": "https://earthquake.usgs.gov/", "magType": "mww", "type": "earthquake", "title": "M 4.6 - Andreanof Islands, Aleutian Is."}, "geometry": {"type": "Point", "coordinates": [179.0743, 56.762, 224.97]}}, {"type": "Feature", "id": "fb00141", "properties": {"mag": 4.9, "place": "near the coast of Luzon, Philippines", "time": 1784169753112, "updated": 1784169813112, "url": "https://earthquake.usgs.gov/", "magType": "ml", "type": "earthquake", "title": "M 4.9 - near the coast of Luzon, Philippines"}, "geometry": {"type": "Point", "coordinates": [123.7027, 9.3679, 649.6]}}, {"type": "Feature", "id": "fb00261", "properties": {"mag": 4.5, "place": "near the coast of central Chile", "time": 1784164677347, "updated": 1784164737347, "url": "https://earthquake.usgs.gov/", "magType": "mb", "type": "earthquake", "title": "M 4.5 - Tarapaca, Chile"}, "geometry": {"type": "Point", "coordinates": [-66.3008, -23.4988, 85.07]}}, {"type": "Feature", "id": "fb00083", "properties": {"mag": 4.8, "place": "south of Java, Indonesia", "time": 1784160462159, "updated": 1784160522159, "url": "https://earthquake.usgs.gov/", "magType": "mwc", "type": "earthquake", "title": "M 4.8 - off the coast of Sumatra, Indonesia"}, "geometry": {"type": "Point", "coordinates": [120.0689, -0.3487, 516.13]}}, {"type": "Feature", "id": "fb00322", "properties": {"mag": 5.0, "place": "Tonga", "time": 1784146252482, "updated": 1784146312482, "url": "https://earthquake.usgs.gov/", "magType": "mww", "type": "earthquake", "title": "M 5.0 - Kermadec Islands region"}, "geometry": {"type": "Point", "coordinates": [-178.1119, -18.7287, 424.47]}}, {"type": "Feature", "id": "fb00242", "properties": {"mag": 6.2, "place": "Argentina", "time": 1784142035933, "updated": 1784142095933, "url": "https://earthquake.usgs.gov/", "magType": "ml", "type": "earthquake", "title": "M 6.2 - Argentina"}, "geometry": {"type": "Point", "coordinates": [-66.8057, -5.657, 262.39]}}, {"type": "Feature", "id": "fb00378", "properties": {"mag": 4.8, "place": "eastern Turkey", "time": 1784139618483, "updated": 1784139678483, "url": "https://earthquake.usgs.gov/", "magType": "ml", "type": "earthquake", "title": "M 4.8 - Crete, Greece"}, "geometry": {"type": "Point", "coordinates": [26.0994, 31.2712, 22.2]}}, {"type": "Feature", "id": "fb00085", "properties": {"mag": 4.7, "place": "south of Java, Indonesia", "time": 1784135725051, "updated": 1784135785051, "url": "https://earthquake.usgs.gov/", "magType": "mwc", "type": "earthquake", "title": "M 4.7 - near Sulawesi, Indonesia"}, "geometry": {"type": "Point", "coordinates": [95.7431, 0.8521, 58.58]}}, {"type": "Feature", "id": "fb00201", "properties": {"mag": 6.3, "place": "Fox Islands, Aleutian Is.", "time": 1784118749504, "updated": 1784118809504, "url": "https://earthquake.usgs.gov/", "magType": "mww", "type": "earthquake", "title": "M 6.3 - Andreanof Islands, Aleutian Is."}, "geometry": {"type": "Point", "coordinates": [-160.2366, 58.3157, 55.34]}}, {"type": "Feature", "id": "fb00234", "properties": {"mag": 5.0, "place": "near the coast of central Chile", "time": 1784115573168, "updated": 1784115633168, "url": "https://earthquake.usgs.gov/", "magType": "ml", "type": "earthquake", "title": "M 5.0 - Argentina"}, "geometry": {"type": "Point", "coordinates": [-72.5959, -19.8318, 615.25]}}, {"type": "Feature", "id": "fb00177", "properties": {"mag": 5.7, "place": "south of Alaska", "time": 1784114869553, "updated": 1784114929553, "url": "https://earthquake.usgs.gov/", "magType": "mwc", "type": "earthquake", "title": "M 5.7 - south of Alaska"}, "geometry": {"type": "Point", "coordinates": [171.4469, 55.4058, 507.07]}}, {"type": "Feature", "id": "fb00154", "properties": {"mag": 5.2, "place": "Mindanao, Philippines", "time": 1784108819002, "updated": 1784108879002, "url": "https://earthquake.usgs.gov/", "magType": "mww", "type": "earthquake", "title": "M 5.2 - Philippine Islands region"}, "geometry": {"type": "Point", "coordinates": [122.6853, 17.817, 12.52]}}, {"type": "Feature", "id": "fb00226", "properties": {"mag": 4.7, "place": "off the coast of Antofagasta, Chile", "time": 1784107919623, "updated": 1784107979623, "url": "https://earthquake.usgs.gov/", "magType": "mww", "type": "earthquake", "title": "M 4.7 - near the coast of central Chile"}, "geometry": {"type": "Point", "coordinates": [-75.6698, -14.4246, 434.24]}}, {"type": "Feature", "id": "fb00002", "properties": {"mag": 4.8, "place": "near Hokkaido, Japan", "time": 1784081128273, "updated": 1784081188273, "url": "https://earthquake.usgs.gov/", "magType": "ml", "type": "earthquake", "title": "M 4.8 - ENE of Kuji, Japan"}, "geometry": {"type": "Point", "coordinates": [142.6844, 44.2228, 199.12]}}, {"type": "Feature", "id": "fb00255", "properties": {"mag": 7.3, "place": "southern Peru", "time": 1784080454018, "updated": 1784080514018, "url": "https://earthquake.usgs.gov/", "magType": "ml", "type": "earthquake", "title": "M 7.3 - off the coast of Antofagasta, Chile"}, "geometry": {"type": "Point", "coordinates": [-66.4205, -30.4701, 206.35]}}, {"type": "Feature", "id": "fb00353", "properties": {"mag": 4.7, "place": "Fiji region", "time": 1784075628850, "updated": 1784075688850, "url": "https://earthquake.usgs.gov/", "magType": "mww", "type": "earthquake", "title": "M 4.7 - Kermadec Islands region"}, "geometry": {"type": "Point", "coordinates": [179.3457, -36.6177, 548.73]}}, {"type": "Feature", "id": "fb00096", "properties": {"mag": 4.6, "place": "Molucca Sea", "time": 1784071949555, "updated": 1784072009555, "url": "https://earthquake.usgs.gov/", "magType": "mww", "type": "earthquake", "title": "M 4.6 - south of Java, Indonesia"}, "geometry": {"type": "Point", "coordinates": [117.046, -1.2355, 205.19]}}, {"type": "Feature", "id": "fb00315", "properties": {"mag": 5.5, "place": "south of the Kermadec Islands", "time": 1784066597834, "updated": 1784066657834, "url": "https://earthquake.usgs.gov/", "magType": "mwc", "type": "earthquake", "title": "M 5.5 - south of the Kermadec Islands"}, "geometry": {"type": "Point", "coordinates": [179.9642, -18.8057, 290.54]}}, {"type": "Feature", "id": "fb00401", "properties": {"mag": 5.5, "place": "Owen Fracture Zone", "time": 1784051274401, "updated": 1784051334401, "url": "https://earthquake.usgs.gov/", "magType": "mb", "type": "earthquake", "title": "M 5.5 - South Sandwich Islands region"}, "geometry": {"type": "Point", "coordinates": [-11.4229, -14.6112, 59.62]}}, {"type": "Feature", "id": "fb00208", "properties": {"mag": 4.6, "place": "E of Atka, Alaska", "time": 1784043928916, "updated": 1784043988916, "url": "https://earthquake.usgs.gov/", "magType": "mwc", "type": "earthquake", "title": "M 4.6 - Andreanof Islands, Aleutian Is."}, "geometry": {"type": "Point", "coordinates": [177.1683, 50.7103, 227.0]}}, {"type": "Feature", "id": "fb00024", "properties": {"mag": 5.1, "place": "off the east coast of Honshu, Japan", "time": 1784040425442, "updated": 1784040485442, "url": "https://earthquake.usgs.gov/", "magType": "ml", "type": "earthquake", "title": "M 5.1 - Kuril Islands"}, "geometry": {"type": "Point", "coordinates": [148.97, 38.9014, 577.42]}}, {"type": "Feature", "id": "fb00212", "properties": {"mag": 6.0, "place": "E of Atka, Alaska", "time": 1784036781672, "updated": 1784036841672, "url": "https://earthquake.usgs.gov/", "magType": "mwc", "type": "earthquake", "title": "M 6.0 - E of Atka, Alaska"}, "geometry": {"type": "Point", "coordinates": [-175.826, 51.7461, 46.28]}}, {"type": "Feature", "id": "fb00229", "properties": {"mag": 5.3, "place": "Tarapaca, Chile", "time": 1784034894585, "updated": 1784034954585, "url": "https://earthquake.usgs.gov/", "magType": "mww", "type": "earthquake", "title": "M 5.3 - near the coast of central Chile"}, "geometry": {"type": "Point", "coordinates": [-77.1775, -24.1836, 194.45]}}, {"type": "Feature", "id": "fb00351", "properties": {"mag": 7.9, "place": "Fiji region", "time": 1784016608942, "updated": 1784016668942, "url": "https://earthquake.usgs.gov/", "magType": "mb", "type": "earthquake", "title": "M 7.9 - Tonga"}, "geometry": {"type": "Point", "coordinates": [-178.5546, -36.6862, 42.49]}}, {"type": "Feature", "id": "fb00054", "properties": {"mag": 5.1, "place": "Kuril Islands", "time": 1784010443163, "updated": 1784010503163, "url": "https://earthquake.usgs.gov/", "magType": "mww", "type": "earthquake", "title": "M 5.1 - near Hokkaido, Japan"}, "geometry": {"type": "Point", "coordinates": [133.0146, 43.0514, 141.6]}}, {"type": "Feature", "id": "fb00029", "properties": {"mag": 4.9, "place": "off the east coast of Honshu, Japan", "time": 1784008154881, "updated": 1784008214881, "url": "https://earthquake.usgs.gov/", "magType": "mww", "type": "earthquake", "title": "M 4.9 - off the east coast of Honshu, Japan"}, "geometry": {"type": "Point", "coordinates": [137.6232, 36.4027, 36.56]}}, {"type": "Feature", "id": "fb00153", "properties": {"mag": 6.1, "place": "Samar, Philippines", "time": 1783999936064, "updated": 1783999996064, "url": "https://earthquake.usgs.gov/", "magType": "mwc", "type": "earthquake", "title": "M 6.1 - Philippine Islands region"}, "geometry": {"type": "Point", "coordinates": [127.254, 18.4518, 16.53]}}, {"type": "Feature", "id": "fb00087", "properties": {"mag": 4.6, "place": "Banda Sea", "time": 1783997493491, "updated": 1783997553491, "url": "https://earthquake.usgs.gov/", "magType": "ml", "type": "earthquake", "title": "M 4.6 - south of Java, Indonesia"}, "geometry": {"type": "Point", "coordinates": [108.2181, -4.8947, 225.77]}}, {"type": "Feature", "id": "fb00298", "properties": {"mag": 4.6, "place": "near the coast of Chiapas, Mexico", "time": 1783992307410, "updated": 1783992367410, "url": "https://earthquake.usgs.gov/", "magType": "mb", "type": "earthquake", "title": "M 4.6 - offshore Guatemala"}, "geometry": {"type": "Point", "coordinates": [-100.3641, 7.8855, 10.8]}}, {"type": "Feature", "id": "fb00183", "properties": {"mag": 4.6, "place": "E of Atka, Alaska", "time": 1783978988095, "updated": 1783979048095, "url": "https://earthquake.usgs.gov/", "magType": "mb", "type": "earthquake", "title": "M 4.6 - E of Atka, Alaska"}, "geometry": {"type": "Point", "coordinates": [179.7947, 55.0382, 44.04]}}, {"type": "Feature", "id": "fb00228", "properties": {"mag": 6.9, "place": "off the coast of Antofagasta, Chile", "time": 1783978571752, "updated": 1783978631752, "url": "https://earthquake.usgs.gov/", "magType": "ml", "type": "earthquake", "title": "M 6.9 - off the coast of Antofagasta, Chile"}, "geometry": {"type": "Point", "coordinates": [-72.8232, -11.4163, 20.59]}}, {"type": "Feature", "id": "fb00166", "properties": {"mag": 4.9, "place": "Samar, Philippines", "time": 1783975712487, "updated": 1783975772487, "url": "https://earthquake.usgs.gov/", "magType": "mb", "type": "earthquake", "title": "M 4.9 - Samar, Philippines"}, "geometry": {"type": "Point", "coordinates": [121.5764, 9.8695, 27.34]}}, {"type": "Feature", "id": "fb00078", "properties": {"mag": 5.9, "place": "near Sulawesi, Indonesia", "time": 1783975569734, "updated": 1783975629734, "url": "https://earthquake.usgs.gov/", "magType": "mb", "type": "earthquake", "title": "M 5.9 - south of Java, Indonesia"}, "geometry": {"type": "Point", "coordinates": [129.0562, 5.5865, 568.47]}}, {"type": "Feature", "id": "fb00384", "properties": {"mag": 5.2, "place": "Afghanistan-Tajikistan border region", "time": 1783956955890, "updated": 1783957015890, "url": "https://earthquake.usgs.gov/", "magType": "mww", "type": "earthquake", "title": "M 5.2 - southern Iran"}, "geometry": {"type": "Point", "coordinates": [38.674, 31.8521, 41.04]}}, {"type": "Feature", "id": "fb00344", "properties": {"mag": 4.6, "place": "Kermadec Islands region", "time": 1783955502185, "updated": 1783955562185, "url": "https://earthquake.usgs.gov/", "magType": "mb", "type": "earthquake", "title": "M 4.6 - Tonga"}, "geometry": {"type": "Point", "coordinates": [179.5355, -26.9563, 109.47]}}, {"type": "Feature", "id": "fb00250", "properties": {"mag": 4.6, "place": "off the coast of Antofagasta, Chile", "time": 1783946147428, "updated": 1783946207428, "url": "https://earthquake.usgs.gov/", "magType": "mww", "type": "earthquake", "title": "M 4.6 - southern Peru"}, "geometry": {"type": "Point", "coordinates": [-70.1527, -2.0076, 47.18]}}, {"type": "Feature", "id": "fb00290", "properties": {"mag": 4.8, "place": "Nicaragua", "time": 1783943866391, "updated": 1783943926391, "url": "https://earthquake.usgs.gov/", "magType": "mwc", "type": "earthquake", "title": "M 4.8 - El Salvador"}, "geometry": {"type": "Point", "coordinates": [-100.3686, 14.6206, 475.27]}}, {"type": "Feature", "id": "fb00101", "properties": {"mag": 4.7, "place": "near Sulawesi, Indonesia", "time": 1783941863158, "updated": 1783941923158, "url": "https://earthquake.usgs.gov/", "magType": "mwc", "type": "earthquake", "title": "M 4.7 - near Sulawesi, Indonesia"}, "geometry": {"type": "Point", "coordinates": [131.4338, 2.5062, 104.69]}}, {"type": "Feature", "id": "fb00343", "properties": {"mag": 5.2, "place": "Fiji region", "time": 1783940075707, "updated": 1783940135707, "url": "https://earthquake.usgs.gov/", "magType": "mww", "type": "earthquake", "title": "M 5.2 - Tonga"}, "geometry": {"type": "Point", "coordinates": [175.6277, -27.5735, 49.49]}}, {"type": "Feature", "id": "fb00319", "properties": {"mag": 5.4, "place": "off the east coast of the North Island, N.Z.", "time": 1783935825639, "updated": 1783935885639, "url": "https://earthquake.usgs.gov/", "magType": "mwc", "type": "earthquake", "title": "M 5.4 - south of the Kermadec Islands"}, "geometry": {"type": "Point", "coordinates": [-179.8598, -37.3245, 12.99]}}, {"type": "Feature", "id": "fb00288", "properties": {"mag": 4.7, "place": "Oaxaca, Mexico", "time": 1783934642872, "updated": 1783934702872, "url": "https://earthquake.usgs.gov/", "magType": "mb", "type": "earthquake", "title": "M 4.7 - near the coast of Chiapas, Mexico"}, "geometry": {"type": "Point", "coordinates": [-91.0156, 11.4918, 27.49]}}, {"type": "Feature", "id": "fb00120", "properties": {"mag": 4.5, "place": "south of Java, Indonesia", "time": 1783929608025, "updated": 1783929668025, "url": "https://earthquake.usgs.gov/", "magType": "mb", "type": "earthquake", "title": "M 4.5 - off the coast of Sumatra, Indonesia"}, "geometry": {"type": "Point", "coordinates": [99.5347, 5.6685, 25.37]}}, {"type": "Feature", "id": "fb00394", "properties": {"mag": 4.5, "place": "Afghanistan-Tajikistan border region", "time": 1783924260853, "updated": 1783924320853, "url": "https://earthquake.usgs.gov/", "magType": "mwc", "type": "earthquake", "title": "M 4.5 - eastern Turkey"}, "geometry": {"type": "Point", "coordinates": [24.6706, 34.4147, 21.56]}}, {"type": "Feature", "id": "fb00345", "properties": {"mag": 5.0, "place": "off the east coast of the North Island, N.Z.", "time": 1783921273387, "updated": 1783921333387, "url": "https://earthquake.usgs.gov/", "magType": "mb", "type": "earthquake", "title": "M 5.0 - south of the Kermadec Islands"}, "geometry": {"type": "Point", "coordinates": [-172.8598, -27.3139, 32.73]}}, {"type": "Feature", "id": "fb00278", "properties": {"mag": 4.9, "place": "offshore Guatemala", "time": 1783901788321, "updated": 1783901848321, "url": "https://earthquake.usgs.gov/", "magType": "mww", "type": "earthquake", "title": "M 4.9 - Nicaragua"}, "geometry": {"type": "Point", "coordinates": [-97.3105, 8.7135, 81.66]}}, {"type": "Feature", "id": "fb00147", "properties": {"mag": 5.2, "place": "Samar, Philippines", "time": 1783898215776, "updated": 1783898275776, "url": "https://earthquake.usgs.gov/", "magType": "mwc", "type": "earthquake", "title": "M 5.2 - Philippine Islands region"}, "geometry": {"type": "Point", "coordinates": [127.4957, 5.8782, 8.58]}}, {"type": "Feature", "id": "fb00304", "properties": {"mag": 4.6, "place": "offshore Guatemala", "time": 1783892942743, "updated": 1783893002743, "url": "https://earthquake.usgs.gov/", "magType": "mwc", "type": "earthquake", "title": "M 4.6 - Nicaragua"}, "geometry": {"type": "Point", "coordinates": [-92.7431, 5.3784, 36.03]}}, {"type": "Feature", "id": "fb00236", "properties": {"mag": 5.1, "place": "Tarapaca, Chile", "time": 1783887594040, "updated": 1783887654040, "url": "https://earthquake.usgs.gov/", "magType": "mwc", "type": "earthquake", "title": "M 5.1 - Tarapaca, Chile"}, "geometry": {"type": "Point", "coordinates": [-73.9586, -1.626, 12.47]}}, {"type": "Feature", "id": "fb00159", "properties": {"mag": 5.7, "place": "Samar, Philippines", "time": 1783879554923, "updated": 1783879614923, "url": "https://earthquake.usgs.gov/", "magType": "ml", "type": "earthquake", "title": "M 5.7 - Samar, Philippines"}, "geometry": {"type": "Point", "coordinates": [126.8848, 11.6738, 542.85]}}, {"type": "Feature", "id": "fb00123", "properties": {"mag": 4.6, "place": "near Sulawesi, Indonesia", "time": 1783871120410, "updated": 1783871180410, "url": "https://earthquake.usgs.gov/", "magType": "mww", "type": "earthquake", "title": "M 4.6 - south of Java, Indonesia"}, "geometry": {"type": "Point", "coordinates": [103.5003, -1.0609, 568.37]}}, {"type": "Feature", "id": "fb00248", "properties": {"mag": 4.7, "place": "Tarapaca, Chile", "time": 1783865693462, "updated": 1783865753462, "url": "https://earthquake.usgs.gov/", "magType": "mww", "type": "earthquake", "title": "M 4.7 - southern Peru"}, "geometry": {"type": "Point", "coordinates": [-71.9281, -35.7016, 289.16]}}, {"type": "Feature", "id": "fb00323", "properties": {"mag": 5.2, "place": "Kermadec Islands region", "time": 1783853888745, "updated": 1783853948745, "url": "https://earthquake.usgs.gov/", "magType": "mww", "type": "earthquake", "title": "M 5.2 - Kermadec Islands region"}, "geometry": {"type": "Point", "coordinates": [-173.1867, -16.2688, 16.74]}}, {"type": "Feature", "id": "fb00084", "properties": {"mag": 5.1, "place": "Molucca Sea", "time": 1783850142033, "updated": 1783850202033, "url": "https://earthquake.usgs.gov/", "magType": "mwc", "type": "earthquake", "title": "M 5.1 - Banda Sea"}, "geometry": {"type": "Point", "coordinates": [131.6722, -6.1723, 64.81]}}, {"type": "Feature", "id": "fb00407", "properties": {"mag": 4.8, "place": "southwest Indian Ridge", "time": 1783847168106, "updated": 1783847228106, "url": "https://earthquake.usgs.gov/", "magType": "ml", "type": "earthquake", "title": "M 4.8 - central East Pacific Rise"}, "geometry": {"type": "Point", "coordinates": [172.0968, -30.7556, 51.37]}}, {"type": "Feature", "id": "fb00050", "properties": {"mag": 4.9, "place": "off the east coast of Honshu, Japan", "time": 1783836596692, "updated": 1783836656692, "url": "https://earthquake.usgs.gov/", "magType": "ml", "type": "earthquake", "title": "M 4.9 - near Hokkaido, Japan"}, "geometry": {"type": "Point", "coordinates": [148.5413, 44.069, 97.18]}}, {"type": "Feature", "id": "fb00041", "properties": {"mag": 5.7, "place": "off the east coast of Honshu, Japan", "time": 1783835758817, "updated": 1783835818817, "url": "https://earthquake.usgs.gov/", "magType": "mb", "type": "earthquake", "title": "M 5.7 - Izu Islands, Japan region"}, "geometry": {"type": "Point", "coordinates": [130.2899, 30.2872, 198.42]}}, {"type": "Feature", "id": "fb00318", "properties": {"mag": 4.5, "place": "off the east coast of the North Island, N.Z.", "time": 1783835095572, "updated": 1783835155572, "url": "https://earthquake.usgs.gov/", "magType": "mb", "type": "earthquake", "title": "M 4.5 - Tonga"}, "geometry": {"type": "Point", "coordinates": [177.3825, -19.1284, 24.05]}}, {"type": "Feature", "id": "fb00186", "properties": {"mag": 4.9, "place": "E of Atka, Alaska", "time": 1783826916548, "updated": 1783826976548, "url": "https://earthquake.usgs.gov/", "magType": "mwc", "type": "earthquake", "title": "M 4.9 - E of Atka, Alaska"}, "geometry": {"type": "Point", "coordinates": [-166.8735, 54.405, 13.21]}}, {"type": "Feature", "id": "fb00030", "properties": {"mag": 5.3, "place": "Izu Islands, Japan region", "time": 1783825241048, "updated": 1783825301048, "url": "https://earthquake.usgs.gov/", "magType": "mww", "type": "earthquake", "title": "M 5.3 - Izu Islands, Japan region"}, "geometry": {"type": "Point", "coordinates": [149.4564, 32.2795, 30.52]}}, {"type": "Feature", "id": "fb00300", "properties": {"mag": 4.7, "place": "Oaxaca, Mexico", "time": 1783819307794, "updated": 1783819367794, "url": "https://earthquake.usgs.gov/", "magType": "ml", "type": "earthquake", "title": "M 4.7 - Oaxaca, Mexico"}, "geometry": {"type": "Point", "coordinates": [-91.1066, 7.5458, 25.82]}}, {"type": "Feature", "id": "fb00115", "properties": {"mag": 4.6, "place": "Molucca Sea", "time": 1783813691446, "updated": 1783813751446, "url": "https://earthquake.usgs.gov/", "magType": "ml", "type": "earthquake", "title": "M 4.6 - near Sulawesi, Indonesia"}, "geometry": {"type": "Point", "coordinates": [126.5053, -3.3456, 59.83]}}, {"type": "Feature", "id": "fb00338", "properties": {"mag": 5.5, "place": "off the east coast of the North Island, N.Z.", "time": 1783794076829, "updated": 1783794136829, "url": "https://earthquake.usgs.gov/", "magType": "ml", "type": "earthquake", "title": "M 5.5 - off the east coast of the North Island, N.Z."}, "geometry": {"type": "Point", "coordinates": [-175.3998, -33.2759, 23.66]}}, {"type": "Feature", "id": "fb00308", "properties": {"mag": 6.9, "place": "offshore Guatemala", "time": 1783788603846, "updated": 1783788663846, "url": "https://earthquake.usgs.gov/", "magType": "ml", "type": "earthquake", "title": "M 6.9 - El Salvador"}, "geometry": {"type": "Point", "coordinates": [-88.9064, 18.8151, 355.06]}}, {"type": "Feature", "id": "fb00408", "properties": {"mag": 5.3, "place": "South Sandwich Islands region", "time": 1783788176663, "updated": 1783788236663, "url": "https://earthquake.usgs.gov/", "magType": "mb", "type": "earthquake", "title": "M 5.3 - southwest Indian Ridge"}, "geometry": {"type": "Point", "coordinates": [-100.5925, 24.5594, 15.93]}}, {"type": "Feature", "id": "fb00259", "properties": {"mag": 5.9, "place": "southern Peru", "time": 1783769793679, "updated": 1783769853679, "url": "https://earthquake.usgs.gov/", "magType": "mb", "type": "earthquake", "title": "M 5.9 - Argentina"}, "geometry": {"type": "Point", "coordinates": [-74.3645, -34.1544, 23.13]}}, {"type": "Feature", "id": "fb00231", "properties": {"mag": 5.3, "place": "near the coast of central Chile", "time": 1783766666583, "updated": 1783766726583, "url": "https://earthquake.usgs.gov/", "magType": "mww", "type": "earthquake", "title": "M 5.3 - Argentina"}, "geometry": {"type": "Point", "coordinates": [-67.8072, -0.9769, 116.53]}}, {"type": "Feature", "id": "fb00092", "properties": {"mag": 5.3, "place": "Molucca Sea", "time": 1783761136947, "updated": 1783761196947, "url": "https://earthquake.usgs.gov/", "magType": "ml", "type": "earthquake", "title": "M 5.3 - south of Java, Indonesia"}, "geometry": {"type": "Point", "coordinates": [130.1169, 2.8273, 528.96]}}, {"type": "Feature", "id": "fb00135", "properties": {"mag": 4.6, "place": "Banda Sea", "time": 1783757358062, "updated": 1783757418062, "url": "https://earthquake.usgs.gov/", "magType": "mww", "type": "earthquake", "title": "M 4.6 - off the coast of Sumatra, Indonesia"}, "geometry": {"type": "Point", "coordinates": [129.8831, -5.4146, 223.96]}}, {"type": "Feature", "id": "fb00021", "properties": {"mag": 4.8, "place": "off the east coast of Honshu, Japan", "time": 1783757281762, "updated": 1783757341762, "url": "https://earthquake.usgs.gov/", "magType": "mb", "type": "earthquake", "title": "M 4.8 - Kuril Islands"}, "geometry": {"type": "Point", "coordinates": [134.1242, 44.533, 195.25]}}, {"type": "Feature", "id": "fb00258", "properties": {"mag": 4.5, "place": "off the coast of Antofagasta, Chile", "time": 1783755071675, "updated": 1783755131675, "url": "https://earthquake.usgs.gov/", "magType": "mwc", "type": "earthquake", "title": "M 4.5 - Argentina"}, "geometry": {"type": "Point", "coordinates": [-74.5555, 1.0589, 277.75]}}, {"type": "Feature", "id": "fb00327", "properties": {"mag": 6.0, "place": "Tonga", "time": 1783742285801, "updated": 1783742345801, "url": "https://earthquake.usgs.gov/", "magType": "ml", "type": "earthquake", "title": "M 6.0 - south of the Kermadec Islands"}, "geometry": {"type": "Point", "coordinates": [173.9125, -18.4206, 497.47]}}, {"type": "Feature", "id": "fb00219", "properties": {"mag": 5.0, "place": "Fox Islands, Aleutian Is.", "time": 1783736699686, "updated": 1783736759686, "url": "https://earthquake.usgs.gov/", "magType": "mwc", "type": "earthquake", "title": "M 5.0 - south of Alaska"}, "geometry": {"type": "Point", "coordinates": [-165.0548, 59.876, 114.97]}}, {"type": "Feature", "id": "fb00142", "properties": {"mag": 6.7, "place": "Philippine Islands region", "time": 1783735431219, "updated": 1783735491219, "url": "https://earthquake.usgs.gov/", "magType": "mb", "type": "earthquake", "title": "M 6.7 - near the coast of Luzon, Philippines"}, "geometry": {"type": "Point", "coordinates": [124.0216, 7.8406, 43.61]}}, {"type": "Feature", "id": "fb00320", "properties": {"mag": 4.8, "place": "Kermadec Islands region", "time": 1783730487875, "updated": 1783730547875, "url": "https://earthquake.usgs.gov/", "magType": "mwc", "type": "earthquake", "title": "M 4.8 - Kermadec Islands region"}, "geometry": {"type": "Point", "coordinates": [173.7301, -14.7505, 63.74]}}, {"type": "Feature", "id": "fb00382", "properties": {"mag": 6.0, "place": "Afghanistan-Tajikistan border region", "time": 1783728925219, "updated": 1783728985219, "url": "https://earthquake.usgs.gov/", "magType": "mww", "type": "earthquake", "title": "M 6.0 - eastern Turkey"}, "geometry": {"type": "Point", "coordinates": [41.0745, 38.3291, 18.67]}}, {"type": "Feature", "id": "fb00107", "properties": {"mag": 5.9, "place": "off the coast of Sumatra, Indonesia", "time": 1783726575240, "updated": 1783726635240, "url": "https://earthquake.usgs.gov/", "magType": "mwc", "type": "earthquake", "title": "M 5.9 - Banda Sea"}, "geometry": {"type": "Point", "coordinates": [115.2109, 5.9955, 651.93]}}, {"type": "Feature", "id": "fb00329", "properties": {"mag": 5.3, "place": "south of the Kermadec Islands", "time": 1783726175474, "updated": 1783726235474, "url": "https://earthquake.usgs.gov/", "magType": "ml", "type": "earthquake", "title": "M 5.3 - Tonga"}, "geometry": {"type": "Point", "coordinates": [-172.2674, -15.2496, 162.09]}}, {"type": "Feature", "id": "fb00149", "properties": {"mag": 4.9, "place": "Philippine Islands region", "time": 1783719672592, "updated": 1783719732592, "url": "https://earthquake.usgs.gov/", "magType": "mwc", "type": "earthquake", "title": "M 4.9 - Philippine Islands region"}, "geometry": {"type": "Point", "coordinates": [123.0784, 18.072, 297.08]}}, {"type": "Feature", "id": "fb00368", "properties": {"mag": 4.9, "place": "Reykjanes Ridge", "time": 1783712786960, "updated": 1783712846960, "url": "https://earthquake.usgs.gov/", "magType": "mb", "type": "earthquake", "title": "M 4.9 - northern Mid-Atlantic Ridge"}, "geometry": {"type": "Point", "coordinates": [-28.4457, 52.6435, 58.24]}}, {"type": "Feature", "id": "fb00409", "properties": {"mag": 4.8, "place": "central East Pacific Rise", "time": 1783709006510, "updated": 1783709066510, "url": "https://earthquake.usgs.gov/", "magType": "mww", "type": "earthquake", "title": "M 4.8 - South Sandwich Islands region"}, "geometry": {"type": "Point", "coordinates": [145.108, -43.8203, 47.03]}}, {"type": "Feature", "id": "fb00023", "properties": {"mag": 4.9, "place": "Izu Islands, Japan region", "time": 1783706534234, "updated": 1783706594234, "url": "https://earthquake.usgs.gov/", "magType": "mb", "type": "earthquake", "title": "M 4.9 - Izu Islands, Japan region"}, "geometry": {"type": "Point", "coordinates": [147.2663, 33.8124, 39.25]}}, {"type": "Feature", "id": "fb00253", "properties": {"mag": 5.1, "place": "near the coast of central Chile", "time": 1783705209318, "updated": 1783705269318, "url": "https://earthquake.usgs.gov/", "magType": "mb", "type": "earthquake", "title": "M 5.1 - near the coast of central Chile"}, "geometry": {"type": "Point", "coordinates": [-67.9696, -25.2356, 34.07]}}, {"type": "Feature", "id": "fb00309", "properties": {"mag": 5.5, "place": "Oaxaca, Mexico", "time": 1783701129072, "updated": 1783701189072, "url": "https://earthquake.usgs.gov/", "magType": "ml", "type": "earthquake", "title": "M 5.5 - Oaxaca, Mexico"}, "geometry": {"type": "Point", "coordinates": [-92.5279, 9.607, 221.06]}}, {"type": "Feature", "id": "fb00204", "properties": {"mag": 5.1, "place": "Andreanof Islands, Aleutian Is.", "time": 1783688513537, "updated": 1783688573537, "url": "https://earthquake.usgs.gov/", "magType": "mww", "type": "earthquake", "title": "M 5.1 - south of Alaska"}, "geometry": {"type": "Point", "coordinates": [-167.6881, 54.8498, 98.89]}}, {"type": "Feature", "id": "fb00321", "properties": {"mag": 5.1, "place": "south of the Kermadec Islands", "time": 1783687486703, "updated": 1783687546703, "url": "https://earthquake.usgs.gov/", "magType": "ml", "type": "earthquake", "title": "M 5.1 - Fiji region"}, "geometry": {"type": "Point", "coordinates": [175.5364, -15.803, 54.89]}}, {"type": "Feature", "id": "fb00103", "properties": {"mag": 4.8, "place": "near Sulawesi, Indonesia", "time": 1783686763050, "updated": 1783686823050, "url": "https://earthquake.usgs.gov/", "magType": "mwc", "type": "earthquake", "title": "M 4.8 - near Sulawesi, Indonesia"}, "geometry": {"type": "Point", "coordinates": [126.8971, -9.8584, 132.13]}}, {"type": "Feature", "id": "fb00086", "properties": {"mag": 4.7, "place": "off the coast of Sumatra, Indonesia", "time": 1783684255067, "updated": 1783684315067, "url": "https://earthquake.usgs.gov/", "magType": "mwc", "type": "earthquake", "title": "M 4.7 - south of Java, Indonesia"}, "geometry": {"type": "Point", "coordinates": [100.0559, -0.6539, 56.34]}}, {"type": "Feature", "id": "fb00060", "properties": {"mag": 5.3, "place": "ENE of Kuji, Japan", "time": 1783682699259, "updated": 1783682759259, "url": "https://earthquake.usgs.gov/", "magType": "mww", "type": "earthquake", "title": "M 5.3 - Kuril Islands"}, "geometry": {"type": "Point", "coordinates": [135.9406, 35.6577, 121.63]}}, {"type": "Feature", "id": "fb00275", "properties": {"mag": 6.3, "place": "off the coast of Antofagasta, Chile", "time": 1783680249783, "updated": 1783680309783, "url": "https://earthquake.usgs.gov/", "magType": "ml", "type": "earthquake", "title": "M 6.3 - Tarapaca, Chile"}, "geometry": {"type": "Point", "coordinates": [-74.3072, -34.1872, 39.32]}}, {"type": "Feature", "id": "fb00289", "properties": {"mag": 6.2, "place": "offshore Guatemala", "time": 1783680223456, "updated": 1783680283456, "url": "https://earthquake.usgs.gov/", "magType": "mww", "type": "earthquake", "title": "M 6.2 - Oaxaca, Mexico"}, "geometry": {"type": "Point", "coordinates": [-105.5707, 6.6814, 55.46]}}, {"type": "Feature", "id": "fb00093", "properties": {"mag": 6.1, "place": "off the coast of Sumatra, Indonesia", "time": 1783669971959, "updated": 1783670031959, "url": "https://earthquake.usgs.gov/", "magType": "mb", "type": "earthquake", "title": "M 6.1 - Molucca Sea"}, "geometry": {"type": "Point", "coordinates": [127.3119, -1.0239, 42.72]}}, {"type": "Feature", "id": "fb00070", "properties": {"mag": 4.7, "place": "off the east coast of Honshu, Japan", "time": 1783660119128, "updated": 1783660179128, "url": "https://earthquake.usgs.gov/", "magType": "ml", "type": "earthquake", "title": "M 4.7 - Kuril Islands"}, "geometry": {"type": "Point", "coordinates": [131.8149, 37.9745, 7.26]}}, {"type": "Feature", "id": "fb00053", "properties": {"mag": 4.8, "place": "off the east coast of Honshu, Japan", "time": 1783653903923, "updated": 1783653963923, "url": "https://earthquake.usgs.gov/", "magType": "mwc", "type": "earthquake", "title": "M 4.8 - Izu Islands, Japan region"}, "geometry": {"type": "Point", "coordinates": [140.5343, 37.6727, 222.6]}}, {"type": "Feature", "id": "fb00124", "properties": {"mag": 5.1, "place": "Molucca Sea", "time": 1783650407430, "updated": 1783650467430, "url": "https://earthquake.usgs.gov/", "magType": "mww", "type": "earthquake", "title": "M 5.1 - Molucca Sea"}, "geometry": {"type": "Point", "coordinates": [100.2947, 3.0814, 14.09]}}, {"type": "Feature", "id": "fb00403", "properties": {"mag": 5.6, "place": "South Sandwich Islands region", "time": 1783650211175, "updated": 1783650271175, "url": "https://earthquake.usgs.gov/", "magType": "mwc", "type": "earthquake", "title": "M 5.6 - southwest Indian Ridge"}, "geometry": {"type": "Point", "coordinates": [135.647, 62.8188, 57.17]}}, {"type": "Feature", "id": "fb00121", "properties": {"mag": 4.9, "place": "Molucca Sea", "time": 1783636789903, "updated": 1783636849903, "url": "https://earthquake.usgs.gov/", "magType": "ml", "type": "earthquake", "title": "M 4.9 - near Sulawesi, Indonesia"}, "geometry": {"type": "Point", "coordinates": [125.0412, 2.229, 119.45]}}, {"type": "Feature", "id": "fb00066", "properties": {"mag": 4.6, "place": "ENE of Kuji, Japan", "time": 1783631632596, "updated": 1783631692596, "url": "https://earthquake.usgs.gov/", "magType": "mww", "type": "earthquake", "title": "M 4.6 - ENE of Kuji, Japan"}, "geometry": {"type": "Point", "coordinates": [149.7667, 32.9261, 44.72]}}, {"type": "Feature", "id": "fb00185", "properties": {"mag": 5.5, "place": "Fox Islands, Aleutian Is.", "time": 1783615513772, "updated": 1783615573772, "url": "https://earthquake.usgs.gov/", "magType": "ml", "type": "earthquake", "title": "M 5.5 - E of Atka, Alaska"}, "geometry": {"type": "Point", "coordinates": [-165.5139, 51.2726, 127.85]}}, {"type": "Feature", "id": "fb00167", "properties": {"mag": 5.1, "place": "Samar, Philippines", "time": 1783599519625, "updated": 1783599579625, "url": "https://earthquake.usgs.gov/", "magType": "ml", "type": "earthquake", "title": "M 5.1 - Philippine Islands region"}, "geometry": {"type": "Point", "coordinates": [125.9783, 8.2989, 62.3]}}, {"type": "Feature", "id": "fb00301", "properties": {"mag": 4.8, "place": "Oaxaca, Mexico", "time": 1783599294977, "updated": 1783599354977, "url": "https://earthquake.usgs.gov/", "magType": "mb", "type": "earthquake", "title": "M 4.8 - El Salvador"}, "geometry": {"type": "Point", "coordinates": [-104.57, 10.2578, 79.76]}}, {"type": "Feature", "id": "fb00303", "properties": {"mag": 5.0, "place": "offshore Guatemala", "time": 1783596767904, "updated": 1783596827904, "url": "https://earthquake.usgs.gov/", "magType": "mb", "type": "earthquake", "title": "M 5.0 - El Salvador"}, "geometry": {"type": "Point", "coordinates": [-100.6954, 10.706, 577.54]}}, {"type": "Feature", "id": "fb00400", "properties": {"mag": 4.7, "place": "South Sandwich Islands region", "time": 1783595770446, "updated": 1783595830446, "url": "https://earthquake.usgs.gov/", "magType": "mwc", "type": "earthquake", "title": "M 4.7 - central East Pacific Rise"}, "geometry": {"type": "Point", "coordinates": [83.5743, 40.0862, 28.49]}}, {"type": "Feature", "id": "fb00357", "properties": {"mag": 5.5, "place": "central Mid-Atlantic Ridge", "time": 1783583889998, "updated": 1783583949998, "url": "https://earthquake.usgs.gov/", "magType": "mwc", "type": "earthquake", "title": "M 5.5 - central Mid-Atlantic Ridge"}, "geometry": {"type": "Point", "coordinates": [-29.4125, 19.9396, 49.37]}}, {"type": "Feature", "id": "fb00016", "properties": {"mag": 5.2, "place": "Kuril Islands", "time": 1783578246656, "updated": 1783578306656, "url": "https://earthquake.usgs.gov/", "magType": "ml", "type": "earthquake", "title": "M 5.2 - Izu Islands, Japan region"}, "geometry": {"type": "Point", "coordinates": [144.3341, 41.2278, 140.45]}}, {"type": "Feature", "id": "fb00371", "properties": {"mag": 4.7, "place": "southern Mid-Atlantic Ridge", "time": 1783559918875, "updated": 1783559978875, "url": "https://earthquake.usgs.gov/", "magType": "mwc", "type": "earthquake", "title": "M 4.7 - central Mid-Atlantic Ridge"}, "geometry": {"type": "Point", "coordinates": [-22.8776, -16.5721, 11.33]}}, {"type": "Feature", "id": "fb00393", "properties": {"mag": 4.8, "place": "southern Iran", "time": 1783559065272, "updated": 1783559125272, "url": "https://earthquake.usgs.gov/", "magType": "ml", "type": "earthquake", "title": "M 4.8 - Greece"}, "geometry": {"type": "Point", "coordinates": [30.8542, 30.0954, 87.38]}}, {"type": "Feature", "id": "fb00341", "properties": {"mag": 6.3, "place": "off the east coast of the North Island, N.Z.", "time": 1783549437248, "updated": 1783549497248, "url": "https://earthquake.usgs.gov/", "magType": "ml", "type": "earthquake", "title": "M 6.3 - Kermadec Islands region"}, "geometry": {"type": "Point", "coordinates": [-176.2933, -17.3506, 381.57]}}, {"type": "Feature", "id": "fb00223", "properties": {"mag": 7.1, "place": "Tarapaca, Chile", "time": 1783544749383, "updated": 1783544809383, "url": "https://earthquake.usgs.gov/", "magType": "ml", "type": "earthquake", "title": "M 7.1 - Argentina"}, "geometry": {"type": "Point", "coordinates": [-76.2087, -1.0651, 400.31]}}, {"type": "Feature", "id": "fb00005", "properties": {"mag": 6.1, "place": "off the east coast of Honshu, Japan", "time": 1783541773198, "updated": 1783541833198, "url": "https://earthquake.usgs.gov/", "magType": "mb", "type": "earthquake", "title": "M 6.1 - off the east coast of Honshu, Japan"}, "geometry": {"type": "Point", "coordinates": [133.2781, 43.6345, 43.64]}}, {"type": "Feature", "id": "fb00233", "properties": {"mag": 5.6, "place": "off the coast of Antofagasta, Chile", "time": 1783533328032, "updated": 1783533388032, "url": "https://earthquake.usgs.gov/", "magType": "ml", "type": "earthquake", "title": "M 5.6 - Tarapaca, Chile"}, "geometry": {"type": "Point", "coordinates": [-66.8812, -22.2472, 95.47]}}, {"type": "Feature", "id": "fb00213", "properties": {"mag": 4.9, "place": "Andreanof Islands, Aleutian Is.", "time": 1783527748058, "updated": 1783527808058, "url": "https://earthquake.usgs.gov/", "magType": "mww", "type": "earthquake", "title": "M 4.9 - south of Alaska"}, "geometry": {"type": "Point", "coordinates": [172.0922, 58.6108, 20.81]}}, {"type": "Feature", "id": "fb00266", "properties": {"mag": 4.6, "place": "southern Peru", "time": 1783517208851, "updated": 1783517268851, "url": "https://earthquake.usgs.gov/", "magType": "mww", "type": "earthquake", "title": "M 4.6 - southern Peru"}, "geometry": {"type": "Point", "coordinates": [-69.743, -22.1739, 116.74]}}, {"type": "Feature", "id": "fb00104", "properties": {"mag": 4.9, "place": "south of Java, Indonesia", "time": 1783494838652, "updated": 1783494898652, "url": "https://earthquake.usgs.gov/", "magType": "mwc", "type": "earthquake", "title": "M 4.9 - Molucca Sea"}, "geometry": {"type": "Point", "coordinates": [98.6993, 5.3005, 623.71]}}, {"type": "Feature", "id": "fb00222", "properties": {"mag": 4.7, "place": "Argentina", "time": 1783491955659, "updated": 1783492015659, "url": "https://earthquake.usgs.gov/", "magType": "mww", "type": "earthquake", "title": "M 4.7 - near the coast of central Chile"}, "geometry": {"type": "Point", "coordinates": [-79.6985, -9.3757, 215.87]}}, {"type": "Feature", "id": "fb00292", "properties": {"mag": 5.6, "place": "El Salvador", "time": 1783491696026, "updated": 1783491756026, "url": "https://earthquake.usgs.gov/", "magType": "ml", "type": "earthquake", "title": "M 5.6 - near the coast of Chiapas, Mexico"}, "geometry": {"type": "Point", "coordinates": [-90.4647, 11.156, 49.22]}}, {"type": "Feature", "id": "fb00356", "properties": {"mag": 5.1, "place": "Reykjanes Ridge", "time": 1783487038434, "updated": 1783487098434, "url": "https://earthquake.usgs.gov/", "magType": "mwc", "type": "earthquake", "title": "M 5.1 - southern Mid-Atlantic Ridge"}, "geometry": {"type": "Point", "coordinates": [-26.0418, 64.8052, 20.49]}}, {"type": "Feature", "id": "fb00361", "properties": {"mag": 5.1, "place": "Reykjanes Ridge", "time": 1783485456493, "updated": 1783485516493, "url": "https://earthquake.usgs.gov/", "magType": "mww", "type": "earthquake", "title": "M 5.1 - Reykjanes Ridge"}, "geometry": {"type": "Point", "coordinates": [-32.9114, 36.4178, 23.82]}}, {"type": "Feature", "id": "fb00068", "properties": {"mag": 5.3, "place": "near Hokkaido, Japan", "time": 1783484393081, "updated": 1783484453081, "url": "https://earthquake.usgs.gov/", "magType": "mwc", "type": "earthquake", "title": "M 5.3 - off the east coast of Honshu, Japan"}, "geometry": {"type": "Point", "coordinates": [135.2892, 39.4087, 33.02]}}, {"type": "Feature", "id": "fb00410", "properties": {"mag": 5.6, "place": "Owen Fracture Zone", "time": 1783481603558, "updated": 1783481663558, "url": "https://earthquake.usgs.gov/", "magType": "mwc", "type": "earthquake", "title": "M 5.6 - southwest Indian Ridge"}, "geometry": {"type": "Point", "coordinates": [54.7234, 15.8518, 14.86]}}, {"type": "Feature", "id": "fb00336", "properties": {"mag": 4.8, "place": "south of the Kermadec Islands", "time": 1783478997247, "updated": 1783479057247, "url": "https://earthquake.usgs.gov/", "magType": "ml", "type": "earthquake", "title": "M 4.8 - off the east coast of the North Island, N.Z."}, "geometry": {"type": "Point", "coordinates": [179.6985, -39.6792, 39.09]}}, {"type": "Feature", "id": "fb00287", "properties": {"mag": 4.9, "place": "El Salvador", "time": 1783469668222, "updated": 1783469728222, "url": "https://earthquake.usgs.gov/", "magType": "mb", "type": "earthquake", "title": "M 4.9 - Nicaragua"}, "geometry": {"type": "Point", "coordinates": [-89.5819, 18.1533, 147.01]}}, {"type": "Feature", "id": "fb00252", "properties": {"mag": 5.3, "place": "Argentina", "time": 1783460895826, "updated": 1783460955826, "url": "https://earthquake.usgs.gov/", "magType": "mb", "type": "earthquake", "title": "M 5.3 - Tarapaca, Chile"}, "geometry": {"type": "Point", "coordinates": [-66.5623, -14.298, 196.96]}}, {"type": "Feature", "id": "fb00091", "properties": {"mag": 5.6, "place": "south of Java, Indonesia", "time": 1783447949680, "updated": 1783448009680, "url": "https://earthquake.usgs.gov/", "magType": "ml", "type": "earthquake", "title": "M 5.6 - Molucca Sea"}, "geometry": {"type": "Point", "coordinates": [107.7347, -9.6769, 137.29]}}, {"type": "Feature", "id": "fb00192", "properties": {"mag": 4.9, "place": "E of Atka, Alaska", "time": 1783445655798, "updated": 1783445715798, "url": "https://earthquake.usgs.gov/", "magType": "mwc", "type": "earthquake", "title": "M 4.9 - Andreanof Islands, Aleutian Is."}, "geometry": {"type": "Point", "coordinates": [-161.2299, 50.6938, 63.73]}}, {"type": "Feature", "id": "fb00385", "properties": {"mag": 5.6, "place": "Afghanistan-Tajikistan border region", "time": 1783444249821, "updated": 1783444309821, "url": "https://earthquake.usgs.gov/", "magType": "mww", "type": "earthquake", "title": "M 5.6 - Afghanistan-Tajikistan border region"}, "geometry": {"type": "Point", "coordinates": [25.9357, 35.9285, 50.6]}}, {"type": "Feature", "id": "fb00254", "properties": {"mag": 5.2, "place": "southern Peru", "time": 1783440509438, "updated": 1783440569438, "url": "https://earthquake.usgs.gov/", "magType": "ml", "type": "earthquake", "title": "M 5.2 - off the coast of Antofagasta, Chile"}, "geometry": {"type": "Point", "coordinates": [-78.9852, 0.1324, 24.35]}}, {"type": "Feature", "id": "fb00143", "properties": {"mag": 4.7, "place": "Mindanao, Philippines", "time": 1783438909436, "updated": 1783438969436, "url": "https://earthquake.usgs.gov/", "magType": "mb", "type": "earthquake", "title": "M 4.7 - near the coast of Luzon, Philippines"}, "geometry": {"type": "Point", "coordinates": [123.4146, 13.0963, 45.1]}}, {"type": "Feature", "id": "fb00130", "properties": {"mag": 4.5, "place": "Banda Sea", "time": 1783432031533, "updated": 1783432091533, "url": "https://earthquake.usgs.gov/", "magType": "mww", "type": "earthquake", "title": "M 4.5 - off the coast of Sumatra, Indonesia"}, "geometry": {"type": "Point", "coordinates": [107.4246, -8.6506, 6.78]}}, {"type": "Feature", "id": "fb00334", "properties": {"mag": 6.0, "place": "south of the Kermadec Islands", "time": 1783431675732, "updated": 1783431735732, "url": "https://earthquake.usgs.gov/", "magType": "ml", "type": "earthquake", "title": "M 6.0 - Tonga"}, "geometry": {"type": "Point", "coordinates": [178.4593, -28.8525, 64.12]}}, {"type": "Feature", "id": "fb00046", "properties": {"mag": 7.0, "place": "off the east coast of Honshu, Japan", "time": 1783429764080, "updated": 1783429824080, "url": "https://earthquake.usgs.gov/", "magType": "ml", "type": "earthquake", "title": "M 7.0 - Izu Islands, Japan region"}, "geometry": {"type": "Point", "coordinates": [141.0789, 42.5305, 45.73]}}, {"type": "Feature", "id": "fb00056", "properties": {"mag": 5.9, "place": "ENE of Kuji, Japan", "time": 1783422304997, "updated": 1783422364997, "url": "https://earthquake.usgs.gov/", "magType": "mwc", "type": "earthquake", "title": "M 5.9 - off the east coast of Honshu, Japan"}, "geometry": {"type": "Point", "coordinates": [148.316, 40.5074, 62.0]}}, {"type": "Feature", "id": "fb00326", "properties": {"mag": 4.6, "place": "Tonga", "time": 1783410349815, "updated": 1783410409815, "url": "https://earthquake.usgs.gov/", "magType": "mb", "type": "earthquake", "title": "M 4.6 - Fiji region"}, "geometry": {"type": "Point", "coordinates": [-174.7939, -32.6582, 260.88]}}, {"type": "Feature", "id": "fb00347", "properties": {"mag": 5.7, "place": "off the east coast of the North Island, N.Z.", "time": 1783410105668, "updated": 1783410165668, "url": "https://earthquake.usgs.gov/", "magType": "mww", "type": "earthquake", "title": "M 5.7 - Fiji region"}, "geometry": {"type": "Point", "coordinates": [175.9415, -16.2832, 15.27]}}, {"type": "Feature", "id": "fb00246", "properties": {"mag": 4.9, "place": "Tarapaca, Chile", "time": 1783409904104, "updated": 1783409964104, "url": "https://earthquake.usgs.gov/", "magType": "mb", "type": "earthquake", "title": "M 4.9 - off the coast of Antofagasta, Chile"}, "geometry": {"type": "Point", "coordinates": [-66.1607, -6.676, 558.83]}}, {"type": "Feature", "id": "fb00042", "properties": {"mag": 4.9, "place": "Kuril Islands", "time": 1783405359109, "updated": 1783405419109, "url": "https://earthquake.usgs.gov/", "magType": "mwc", "type": "earthquake", "title": "M 4.9 - ENE of Kuji, Japan"}, "geometry": {"type": "Point", "coordinates": [140.3706, 32.3083, 17.55]}}, {"type": "Feature", "id": "fb00276", "properties": {"mag": 5.0, "place": "El Salvador", "time": 1783403370666, "updated": 1783403430666, "url": "https://earthquake.usgs.gov/", "magType": "ml", "type": "earthquake", "title": "M 5.0 - El Salvador"}, "geometry": {"type": "Point", "coordinates": [-92.2185, 8.8169, 10.43]}}, {"type": "Feature", "id": "fb00211", "properties": {"mag": 5.3, "place": "Fox Islands, Aleutian Is.", "time": 1783401844785, "updated": 1783401904785, "url": "https://earthquake.usgs.gov/", "magType": "mwc", "type": "earthquake", "title": "M 5.3 - Fox Islands, Aleutian Is."}, "geometry": {"type": "Point", "coordinates": [-161.6019, 50.1652, 75.95]}}, {"type": "Feature", "id": "fb00158", "properties": {"mag": 4.5, "place": "near the coast of Luzon, Philippines", "time": 1783398660304, "updated": 1783398720304, "url": "https://earthquake.usgs.gov/", "magType": "ml", "type": "earthquake", "title": "M 4.5 - Mindanao, Philippines"}, "geometry": {"type": "Point", "coordinates": [124.4731, 12.332, 309.67]}}, {"type": "Feature", "id": "fb00362", "properties": {"mag": 4.6, "place": "northern Mid-Atlantic Ridge", "time": 1783388106636, "updated": 1783388166636, "url": "https://earthquake.usgs.gov/", "magType": "mb", "type": "earthquake", "title": "M 4.6 - southern Mid-Atlantic Ridge"}, "geometry": {"type": "Point", "coordinates": [-17.134, 31.0579, 39.05]}}, {"type": "Feature", "id": "fb00090", "properties": {"mag": 5.9, "place": "south of Java, Indonesia", "time": 1783380979590, "updated": 1783381039590, "url": "https://earthquake.usgs.gov/", "magType": "mb", "type": "earthquake", "title": "M 5.9 - Banda Sea"}, "geometry": {"type": "Point", "coordinates": [104.3535, -7.2932, 11.51]}}, {"type": "Feature", "id": "fb00114", "properties": {"mag": 5.0, "place": "south of Java, Indonesia", "time": 1783380762398, "updated": 1783380822398, "url": "https://earthquake.usgs.gov/", "magType": "ml", "type": "earthquake", "title": "M 5.0 - near Sulawesi, Indonesia"}, "geometry": {"type": "Point", "coordinates": [99.6207, 4.301, 34.69]}}, {"type": "Feature", "id": "fb00061", "properties": {"mag": 5.8, "place": "off the east coast of Honshu, Japan", "time": 1783376061939, "updated": 1783376121939, "url": "https://earthquake.usgs.gov/", "magType": "mww", "type": "earthquake", "title": "M 5.8 - Izu Islands, Japan region"}, "geometry": {"type": "Point", "coordinates": [135.0409, 33.0806, 194.19]}}, {"type": "Feature", "id": "fb00391", "properties": {"mag": 4.8, "place": "Afghanistan-Tajikistan border region", "time": 1783368424272, "updated": 1783368484272, "url": "https://earthquake.usgs.gov/", "magType": "mww", "type": "earthquake", "title": "M 4.8 - Afghanistan-Tajikistan border region"}, "geometry": {"type": "Point", "coordinates": [56.1088, 36.4447, 16.98]}}, {"type": "Feature", "id": "fb00014", "properties": {"mag": 4.5, "place": "near Hokkaido, Japan", "time": 1783365786964, "updated": 1783365846964, "url": "https://earthquake.usgs.gov/", "magType": "mwc", "type": "earthquake", "title": "M 4.5 - near Hokkaido, Japan"}, "geometry": {"type": "Point", "coordinates": [133.857, 40.729, 89.08]}}, {"type": "Feature", "id": "fb00019", "properties": {"mag": 4.6, "place": "near Hokkaido, Japan", "time": 1783358438104, "updated": 1783358498104, "url": "https://earthquake.usgs.gov/", "magType": "mwc", "type": "earthquake", "title": "M 4.6 - off the east coast of Honshu, Japan"}, "geometry": {"type": "Point", "coordinates": [135.1133, 31.3216, 9.83]}}, {"type": "Feature", "id": "fb00018", "properties": {"mag": 5.8, "place": "ENE of Kuji, Japan", "time": 1783356492160, "updated": 1783356552160, "url": "https://earthquake.usgs.gov/", "magType": "mww", "type": "earthquake", "title": "M 5.8 - near Hokkaido, Japan"}, "geometry": {"type": "Point", "coordinates": [140.5209, 38.7114, 48.52]}}, {"type": "Feature", "id": "fb00065", "properties": {"mag": 4.8, "place": "near Hokkaido, Japan", "time": 1783351147530, "updated": 1783351207530, "url": "https://earthquake.usgs.gov/", "magType": "ml", "type": "earthquake", "title": "M 4.8 - off the east coast of Honshu, Japan"}, "geometry": {"type": "Point", "coordinates": [131.8859, 45.0307, 52.42]}}, {"type": "Feature", "id": "fb00189", "properties": {"mag": 4.7, "place": "Fox Islands, Aleutian Is.", "time": 1783349905671, "updated": 1783349965671, "url": "https://earthquake.usgs.gov/", "magType": "mww", "type": "earthquake", "title": "M 4.7 - Fox Islands, Aleutian Is."}, "geometry": {"type": "Point", "coordinates": [-165.5375, 53.8435, 418.94]}}, {"type": "Feature", "id": "fb00004", "properties": {"mag": 4.9, "place": "off the east coast of Honshu, Japan", "time": 1783347946876, "updated": 1783348006876, "url": "https://earthquake.usgs.gov/", "magType": "mww", "type": "earthquake", "title": "M 4.9 - near Hokkaido, Japan"}, "geometry": {"type": "Point", "coordinates": [136.1676, 39.811, 230.24]}}, {"type": "Feature", "id": "fb00363", "properties": {"mag": 5.5, "place": "Reykjanes Ridge", "time": 1783330498259, "updated": 1783330558259, "url": "https://earthquake.usgs.gov/", "magType": "mww", "type": "earthquake", "title": "M 5.5 - southern Mid-Atlantic Ridge"}, "geometry": {"type": "Point", "coordinates": [-13.1567, 3.1636, 21.17]}}, {"type": "Feature", "id": "fb00126", "properties": {"mag": 5.3, "place": "Molucca Sea", "time": 1783323250090, "updated": 1783323310090, "url": "https://earthquake.usgs.gov/", "magType": "mwc", "type": "earthquake", "title": "M 5.3 - south of Java, Indonesia"}, "geometry": {"type": "Point", "coordinates": [125.0583, -2.1156, 328.58]}}, {"type": "Feature", "id": "fb00146", "properties": {"mag": 4.5, "place": "Mindanao, Philippines", "time": 1783320445486, "updated": 1783320505486, "url": "https://earthquake.usgs.gov/", "magType": "mwc", "type": "earthquake", "title": "M 4.5 - Mindanao, Philippines"}, "geometry": {"type": "Point", "coordinates": [123.1944, 16.3944, 234.56]}}, {"type": "Feature", "id": "fb00358", "properties": {"mag": 4.6, "place": "southern Mid-Atlantic Ridge", "time": 1783318537287, "updated": 1783318597287, "url": "https://earthquake.usgs.gov/", "magType": "mwc", "type": "earthquake", "title": "M 4.6 - northern Mid-Atlantic Ridge"}, "geometry": {"type": "Point", "coordinates": [-27.0201, -10.7336, 14.32]}}, {"type": "Feature", "id": "fb00069", "properties": {"mag": 5.0, "place": "Izu Islands, Japan region", "time": 1783317365977, "updated": 1783317425977, "url": "https://earthquake.usgs.gov/", "magType": "mb", "type": "earthquake", "title": "M 5.0 - Kuril Islands"}, "geometry": {"type": "Point", "coordinates": [138.055, 41.4296, 43.38]}}, {"type": "Feature", "id": "fb00031", "properties": {"mag": 5.2, "place": "Kuril Islands", "time": 1783316379508, "updated": 1783316439508, "url": "https://earthquake.usgs.gov/", "magType": "mww", "type": "earthquake", "title": "M 5.2 - near Hokkaido, Japan"}, "geometry": {"type": "Point", "coordinates": [148.3782, 34.1769, 47.02]}}, {"type": "Feature", "id": "fb00285", "properties": {"mag": 4.6, "place": "El Salvador", "time": 1783315920913, "updated": 1783315980913, "url": "https://earthquake.usgs.gov/", "magType": "mb", "type": "earthquake", "title": "M 4.6 - Nicaragua"}, "geometry": {"type": "Point", "coordinates": [-85.247, 15.2109, 20.38]}}, {"type": "Feature", "id": "fb00221", "properties": {"mag": 4.8, "place": "off the coast of Antofagasta, Chile", "time": 1783312872274, "updated": 1783312932274, "url": "https://earthquake.usgs.gov/", "magType": "mb", "type": "earthquake", "title": "M 4.8 - Tarapaca, Chile"}, "geometry": {"type": "Point", "coordinates": [-75.9102, -28.3278, 364.98]}}, {"type": "Feature", "id": "fb00314", "properties": {"mag": 5.8, "place": "off the east coast of the North Island, N.Z.", "time": 1783312738529, "updated": 1783312798529, "url": "https://earthquake.usgs.gov/", "magType": "mww", "type": "earthquake", "title": "M 5.8 - Fiji region"}, "geometry": {"type": "Point", "coordinates": [176.0918, -14.4631, 19.54]}}, {"type": "Feature", "id": "fb00034", "properties": {"mag": 4.7, "place": "Kuril Islands", "time": 1783306774466, "updated": 1783306834466, "url": "https://earthquake.usgs.gov/", "magType": "mww", "type": "earthquake", "title": "M 4.7 - ENE of Kuji, Japan"}, "geometry": {"type": "Point", "coordinates": [142.7278, 38.9378, 63.49]}}, {"type": "Feature", "id": "fb00291", "properties": {"mag": 4.7, "place": "offshore Guatemala", "time": 1783306206151, "updated": 1783306266151, "url": "https://earthquake.usgs.gov/", "magType": "ml", "type": "earthquake", "title": "M 4.7 - El Salvador"}, "geometry": {"type": "Point", "coordinates": [-98.7965, 19.4103, 9.32]}}, {"type": "Feature", "id": "fb00105", "properties": {"mag": 5.1, "place": "off the coast of Sumatra, Indonesia", "time": 1783303122543, "updated": 1783303182543, "url": "https://earthquake.usgs.gov/", "magType": "mwc", "type": "earthquake", "title": "M 5.1 - south of Java, Indonesia"}, "geometry": {"type": "Point", "coordinates": [114.163, -5.6399, 10.72]}}, {"type": "Feature", "id": "fb00073", "properties": {"mag": 6.0, "place": "south of Java, Indonesia", "time": 1783291000852, "updated": 1783291060852, "url": "https://earthquake.usgs.gov/", "magType": "mb", "type": "earthquake", "title": "M 6.0 - Molucca Sea"}, "geometry": {"type": "Point", "coordinates": [100.6602, -10.1125, 425.57]}}, {"type": "Feature", "id": "fb00317", "properties": {"mag": 4.9, "place": "Tonga", "time": 1783276589849, "updated": 1783276649849, "url": "https://earthquake.usgs.gov/", "magType": "ml", "type": "earthquake", "title": "M 4.9 - off the east coast of the North Island, N.Z."}, "geometry": {"type": "Point", "coordinates": [-172.591, -17.3244, 54.12]}}, {"type": "Feature", "id": "fb00245", "properties": {"mag": 7.6, "place": "Tarapaca, Chile", "time": 1783249136189, "updated": 1783249196189, "url": "https://earthquake.usgs.gov/", "magType": "ml", "type": "earthquake", "title": "M 7.6 - near the coast of central Chile"}, "geometry": {"type": "Point", "coordinates": [-73.9915, -10.6284, 270.01]}}, {"type": "Feature", "id": "fb00025", "properties": {"mag": 5.2, "place": "ENE of Kuji, Japan", "time": 1783247351754, "updated": 1783247411754, "url": "https://earthquake.usgs.gov/", "magType": "mww", "type": "earthquake", "title": "M 5.2 - near Hokkaido, Japan"}, "geometry": {"type": "Point", "coordinates": [131.1018, 39.3006, 178.86]}}, {"type": "Feature", "id": "fb00100", "properties": {"mag": 4.9, "place": "off the coast of Sumatra, Indonesia", "time": 1783243754291, "updated": 1783243814291, "url": "https://earthquake.usgs.gov/", "magType": "ml", "type": "earthquake", "title": "M 4.9 - Banda Sea"}, "geometry": {"type": "Point", "coordinates": [105.2565, -6.0737, 285.96]}}, {"type": "Feature", "id": "fb00064", "properties": {"mag": 4.9, "place": "off the east coast of Honshu, Japan", "time": 1783243218295, "updated": 1783243278295, "url": "https://earthquake.usgs.gov/", "magType": "mwc", "type": "earthquake", "title": "M 4.9 - Kuril Islands"}, "geometry": {"type": "Point", "coordinates": [133.0543, 40.6845, 52.54]}}, {"type": "Feature", "id": "fb00079", "properties": {"mag": 4.6, "place": "near Sulawesi, Indonesia", "time": 1783238889681, "updated": 1783238949681, "url": "https://earthquake.usgs.gov/", "magType": "mb", "type": "earthquake", "title": "M 4.6 - south of Java, Indonesia"}, "geometry": {"type": "Point", "coordinates": [110.6764, 3.3759, 64.02]}}, {"type": "Feature", "id": "fb00359", "properties": {"mag": 4.7, "place": "central Mid-Atlantic Ridge", "time": 1783229290565, "updated": 1783229350565, "url": "https://earthquake.usgs.gov/", "magType": "mwc", "type": "earthquake", "title": "M 4.7 - Reykjanes Ridge"}, "geometry": {"type": "Point", "coordinates": [-20.492, 58.5825, 51.58]}}, {"type": "Feature", "id": "fb00264", "properties": {"mag": 4.9, "place": "southern Peru", "time": 1783218856676, "updated": 1783218916676, "url": "https://earthquake.usgs.gov/", "magType": "mwc", "type": "earthquake", "title": "M 4.9 - southern Peru"}, "geometry": {"type": "Point", "coordinates": [-71.7175, -16.5306, 284.18]}}, {"type": "Feature", "id": "fb00306", "properties": {"mag": 4.6, "place": "Nicaragua", "time": 1783218727686, "updated": 1783218787686, "url": "https://earthquake.usgs.gov/", "magType": "mb", "type": "earthquake", "title": "M 4.6 - Nicaragua"}, "geometry": {"type": "Point", "coordinates": [-91.3575, 15.1701, 51.09]}}, {"type": "Feature", "id": "fb00354", "properties": {"mag": 6.9, "place": "Fiji region", "time": 1783214597610, "updated": 1783214657610, "url": "https://earthquake.usgs.gov/", "magType": "mb", "type": "earthquake", "title": "M 6.9 - off the east coast of the North Island, N.Z."}, "geometry": {"type": "Point", "coordinates": [-175.9139, -39.0597, 282.77]}}, {"type": "Feature", "id": "fb00367", "properties": {"mag": 4.8, "place": "Reykjanes Ridge", "time": 1783214449458, "updated": 1783214509458, "url": "https://earthquake.usgs.gov/", "magType": "ml", "type": "earthquake", "title": "M 4.8 - Reykjanes Ridge"}, "geometry": {"type": "Point", "coordinates": [-15.443, -43.5366, 21.98]}}, {"type": "Feature", "id": "fb00325", "properties": {"mag": 5.0, "place": "off the east coast of the North Island, N.Z.", "time": 1783196394793, "updated": 1783196454793, "url": "https://earthquake.usgs.gov/", "magType": "mb", "type": "earthquake", "title": "M 5.0 - Tonga"}, "geometry": {"type": "Point", "coordinates": [-175.6934, -25.8876, 24.09]}}, {"type": "Feature", "id": "fb00310", "properties": {"mag": 5.0, "place": "Oaxaca, Mexico", "time": 1783185353289, "updated": 1783185413289, "url": "https://earthquake.usgs.gov/", "magType": "mb", "type": "earthquake", "title": "M 5.0 - offshore Guatemala"}, "geometry": {"type": "Point", "coordinates": [-101.3984, 14.5865, 343.18]}}, {"type": "Feature", "id": "fb00048", "properties": {"mag": 5.3, "place": "off the east coast of Honshu, Japan", "time": 1783183460185, "updated": 1783183520185, "url": "https://earthquake.usgs.gov/", "magType": "mb", "type": "earthquake", "title": "M 5.3 - near Hokkaido, Japan"}, "geometry": {"type": "Point", "coordinates": [136.7989, 44.7951, 10.1]}}, {"type": "Feature", "id": "fb00178", "properties": {"mag": 6.0, "place": "Fox Islands, Aleutian Is.", "time": 1783169542064, "updated": 1783169602064, "url": "https://earthquake.usgs.gov/", "magType": "ml", "type": "earthquake", "title": "M 6.0 - Andreanof Islands, Aleutian Is."}, "geometry": {"type": "Point", "coordinates": [-179.6135, 51.6466, 271.49]}}, {"type": "Feature", "id": "fb00348", "properties": {"mag": 5.1, "place": "Tonga", "time": 1783169473049, "updated": 1783169533049, "url": "https://earthquake.usgs.gov/", "magType": "mb", "type": "earthquake", "title": "M 5.1 - south of the Kermadec Islands"}, "geometry": {"type": "Point", "coordinates": [175.6113, -27.6295, 194.32]}}, {"type": "Feature", "id": "fb00331", "properties": {"mag": 4.7, "place": "off the east coast of the North Island, N.Z.", "time": 1783168499860, "updated": 1783168559860, "url": "https://earthquake.usgs.gov/", "magType": "ml", "type": "earthquake", "title": "M 4.7 - off the east coast of the North Island, N.Z."}, "geometry": {"type": "Point", "coordinates": [-176.5649, -20.055, 185.02]}}, {"type": "Feature", "id": "fb00379", "properties": {"mag": 4.6, "place": "Afghanistan-Tajikistan border region", "time": 1783167856953, "updated": 1783167916953, "url": "https://earthquake.usgs.gov/", "magType": "ml", "type": "earthquake", "title": "M 4.6 - Crete, Greece"}, "geometry": {"type": "Point", "coordinates": [25.4818, 33.1287, 45.74]}}, {"type": "Feature", "id": "fb00392", "properties": {"mag": 4.8, "place": "Crete, Greece", "time": 1783165852658, "updated": 1783165912658, "url": "https://earthquake.usgs.gov/", "magType": "ml", "type": "earthquake", "title": "M 4.8 - Greece"}, "geometry": {"type": "Point", "coordinates": [35.9915, 32.787, 25.45]}}, {"type": "Feature", "id": "fb00404", "properties": {"mag": 5.0, "place": "central East Pacific Rise", "time": 1783159005436, "updated": 1783159065436, "url": "https://earthquake.usgs.gov/", "magType": "mwc", "type": "earthquake", "title": "M 5.0 - central East Pacific Rise"}, "geometry": {"type": "Point", "coordinates": [-13.4197, 57.1512, 38.56]}}, {"type": "Feature", "id": "fb00082", "properties": {"mag": 7.6, "place": "near Sulawesi, Indonesia", "time": 1783145842288, "updated": 1783145902288, "url": "https://earthquake.usgs.gov/", "magType": "mwc", "type": "earthquake", "title": "M 7.6 - near Sulawesi, Indonesia"}, "geometry": {"type": "Point", "coordinates": [130.1571, -0.5685, 48.75]}}, {"type": "Feature", "id": "fb00163", "properties": {"mag": 5.6, "place": "Mindanao, Philippines", "time": 1783140002962, "updated": 1783140062962, "url": "https://earthquake.usgs.gov/", "magType": "ml", "type": "earthquake", "title": "M 5.6 - Mindanao, Philippines"}, "geometry": {"type": "Point", "coordinates": [124.0146, 17.4797, 6.45]}}, {"type": "Feature", "id": "fb00026", "properties": {"mag": 4.7, "place": "near Hokkaido, Japan", "time": 1783137607053, "updated": 1783137667053, "url": "https://earthquake.usgs.gov/", "magType": "mww", "type": "earthquake", "title": "M 4.7 - Kuril Islands"}, "geometry": {"type": "Point", "coordinates": [145.1591, 43.6582, 34.64]}}, {"type": "Feature", "id": "fb00280", "properties": {"mag": 5.6, "place": "Nicaragua", "time": 1783131064174, "updated": 1783131124174, "url": "https://earthquake.usgs.gov/", "magType": "mwc", "type": "earthquake", "title": "M 5.6 - Nicaragua"}, "geometry": {"type": "Point", "coordinates": [-104.2152, 14.6125, 410.46]}}, {"type": "Feature", "id": "fb00174", "properties": {"mag": 7.9, "place": "Philippine Islands region", "time": 1783128334719, "updated": 1783128394719, "url": "https://earthquake.usgs.gov/", "magType": "mwc", "type": "earthquake", "title": "M 7.9 - Philippine Islands region"}, "geometry": {"type": "Point", "coordinates": [125.8634, 11.0747, 9.08]}}, {"type": "Feature", "id": "fb00263", "properties": {"mag": 4.5, "place": "Tarapaca, Chile", "time": 1783123214541, "updated": 1783123274541, "url": "https://earthquake.usgs.gov/", "magType": "mb", "type": "earthquake", "title": "M 4.5 - near the coast of central Chile"}, "geometry": {"type": "Point", "coordinates": [-70.9022, -1.612, 51.52]}}, {"type": "Feature", "id": "fb00045", "properties": {"mag": 5.2, "place": "near Hokkaido, Japan", "time": 1783111277926, "updated": 1783111337926, "url": "https://earthquake.usgs.gov/", "magType": "mww", "type": "earthquake", "title": "M 5.2 - ENE of Kuji, Japan"}, "geometry": {"type": "Point", "coordinates": [140.3968, 32.7914, 49.39]}}, {"type": "Feature", "id": "fb00299", "properties": {"mag": 5.6, "place": "El Salvador", "time": 1783100360087, "updated": 1783100420087, "url": "https://earthquake.usgs.gov/", "magType": "ml", "type": "earthquake", "title": "M 5.6 - Nicaragua"}, "geometry": {"type": "Point", "coordinates": [-85.8687, 8.3969, 56.55]}}, {"type": "Feature", "id": "fb00346", "properties": {"mag": 5.0, "place": "south of the Kermadec Islands", "time": 1783099697040, "updated": 1783099757040, "url": "https://earthquake.usgs.gov/", "magType": "mb", "type": "earthquake", "title": "M 5.0 - off the east coast of the North Island, N.Z."}, "geometry": {"type": "Point", "coordinates": [-174.8555, -34.6469, 216.02]}}, {"type": "Feature", "id": "fb00380", "properties": {"mag": 4.9, "place": "Greece", "time": 1783095708874, "updated": 1783095768874, "url": "https://earthquake.usgs.gov/", "magType": "mwc", "type": "earthquake", "title": "M 4.9 - Afghanistan-Tajikistan border region"}, "geometry": {"type": "Point", "coordinates": [33.4705, 37.6664, 118.08]}}, {"type": "Feature", "id": "fb00210", "properties": {"mag": 4.6, "place": "Fox Islands, Aleutian Is.", "time": 1783083903549, "updated": 1783083963549, "url": "https://earthquake.usgs.gov/", "magType": "mb", "type": "earthquake", "title": "M 4.6 - E of Atka, Alaska"}, "geometry": {"type": "Point", "coordinates": [-166.9507, 53.9543, 199.67]}}, {"type": "Feature", "id": "fb00144", "properties": {"mag": 4.8, "place": "Samar, Philippines", "time": 1783082791516, "updated": 1783082851516, "url": "https://earthquake.usgs.gov/", "magType": "mb", "type": "earthquake", "title": "M 4.8 - Mindanao, Philippines"}, "geometry": {"type": "Point", "coordinates": [123.2934, 5.4075, 409.25]}}, {"type": "Feature", "id": "fb00218", "properties": {"mag": 5.5, "place": "Andreanof Islands, Aleutian Is.", "time": 1783044793854, "updated": 1783044853854, "url": "https://earthquake.usgs.gov/", "magType": "mb", "type": "earthquake", "title": "M 5.5 - E of Atka, Alaska"}, "geometry": {"type": "Point", "coordinates": [-174.8956, 56.3684, 253.23]}}, {"type": "Feature", "id": "fb00148", "properties": {"mag": 4.6, "place": "Philippine Islands region", "time": 1783041138882, "updated": 1783041198882, "url": "https://earthquake.usgs.gov/", "magType": "mwc", "type": "earthquake", "title": "M 4.6 - Mindanao, Philippines"}, "geometry": {"type": "Point", "coordinates": [127.4013, 7.1271, 8.47]}}, {"type": "Feature", "id": "fb00376", "properties": {"mag": 5.5, "place": "Afghanistan-Tajikistan border region", "time": 1783040678320, "updated": 1783040738320, "url": "https://earthquake.usgs.gov/", "magType": "mww", "type": "earthquake", "title": "M 5.5 - eastern Turkey"}, "geometry": {"type": "Point", "coordinates": [42.6793, 30.6958, 33.62]}}, {"type": "Feature", "id": "fb00402", "properties": {"mag": 4.6, "place": "South Sandwich Islands region", "time": 1783036765198, "updated": 1783036825198, "url": "https://earthquake.usgs.gov/", "magType": "mww", "type": "earthquake", "title": "M 4.6 - Owen Fracture Zone"}, "geometry": {"type": "Point", "coordinates": [128.7714, 40.3621, 12.91]}}, {"type": "Feature", "id": "fb00001", "properties": {"mag": 5.3, "place": "ENE of Kuji, Japan", "time": 1783030214784, "updated": 1783030274784, "url": "https://earthquake.usgs.gov/", "magType": "mwc", "type": "earthquake", "title": "M 5.3 - Izu Islands, Japan region"}, "geometry": {"type": "Point", "coordinates": [129.1716, 34.0574, 44.8]}}, {"type": "Feature", "id": "fb00010", "properties": {"mag": 6.6, "place": "ENE of Kuji, Japan", "time": 1783029741746, "updated": 1783029801746, "url": "https://earthquake.usgs.gov/", "magType": "mwc", "type": "earthquake", "title": "M 6.6 - Kuril Islands"}, "geometry": {"type": "Point", "coordinates": [141.2807, 31.9216, 185.81]}}, {"type": "Feature", "id": "fb00032", "properties": {"mag": 4.7, "place": "Izu Islands, Japan region", "time": 1783026453188, "updated": 1783026513188, "url": "https://earthquake.usgs.gov/", "magType": "mwc", "type": "earthquake", "title": "M 4.7 - near Hokkaido, Japan"}, "geometry": {"type": "Point", "coordinates": [135.4587, 36.6472, 23.79]}}, {"type": "Feature", "id": "fb00169", "properties": {"mag": 5.2, "place": "Mindanao, Philippines", "time": 1783025776885, "updated": 1783025836885, "url": "https://earthquake.usgs.gov/", "magType": "ml", "type": "earthquake", "title": "M 5.2 - near the coast of Luzon, Philippines"}, "geometry": {"type": "Point", "coordinates": [120.0899, 13.7956, 143.51]}}, {"type": "Feature", "id": "fb00350", "properties": {"mag": 5.8, "place": "south of the Kermadec Islands", "time": 1783023259491, "updated": 1783023319491, "url": "https://earthquake.usgs.gov/", "magType": "mb", "type": "earthquake", "title": "M 5.8 - Tonga"}, "geometry": {"type": "Point", "coordinates": [-172.4133, -38.9236, 20.05]}}, {"type": "Feature", "id": "fb00049", "properties": {"mag": 4.6, "place": "Kuril Islands", "time": 1783019118559, "updated": 1783019178559, "url": "https://earthquake.usgs.gov/", "magType": "mb", "type": "earthquake", "title": "M 4.6 - ENE of Kuji, Japan"}, "geometry": {"type": "Point", "coordinates": [144.4987, 30.0801, 11.9]}}, {"type": "Feature", "id": "fb00370", "properties": {"mag": 5.3, "place": "central Mid-Atlantic Ridge", "time": 1783013853422, "updated": 1783013913422, "url": "https://earthquake.usgs.gov/", "magType": "mww", "type": "earthquake", "title": "M 5.3 - northern Mid-Atlantic Ridge"}, "geometry": {"type": "Point", "coordinates": [-22.3687, 9.7975, 22.26]}}, {"type": "Feature", "id": "fb00202", "properties": {"mag": 6.0, "place": "south of Alaska", "time": 1783012728599, "updated": 1783012788599, "url": "https://earthquake.usgs.gov/", "magType": "ml", "type": "earthquake", "title": "M 6.0 - south of Alaska"}, "geometry": {"type": "Point", "coordinates": [-179.2375, 58.2213, 12.32]}}, {"type": "Feature", "id": "fb00224", "properties": {"mag": 4.5, "place": "Tarapaca, Chile", "time": 1783012201419, "updated": 1783012261419, "url": "https://earthquake.usgs.gov/", "magType": "mwc", "type": "earthquake", "title": "M 4.5 - southern Peru"}, "geometry": {"type": "Point", "coordinates": [-78.1076, -28.7667, 32.84]}}, {"type": "Feature", "id": "fb00282", "properties": {"mag": 5.1, "place": "offshore Guatemala", "time": 1782998887501, "updated": 1782998947501, "url": "https://earthquake.usgs.gov/", "magType": "ml", "type": "earthquake", "title": "M 5.1 - Oaxaca, Mexico"}, "geometry": {"type": "Point", "coordinates": [-104.4759, 11.2061, 34.71]}}, {"type": "Feature", "id": "fb00386", "properties": {"mag": 4.6, "place": "Crete, Greece", "time": 1782997810177, "updated": 1782997870177, "url": "https://earthquake.usgs.gov/", "magType": "mb", "type": "earthquake", "title": "M 4.6 - Afghanistan-Tajikistan border region"}, "geometry": {"type": "Point", "coordinates": [50.0536, 40.5311, 27.51]}}, {"type": "Feature", "id": "fb00387", "properties": {"mag": 4.8, "place": "southern Iran", "time": 1782975721808, "updated": 1782975781808, "url": "https://earthquake.usgs.gov/", "magType": "mww", "type": "earthquake", "title": "M 4.8 - Greece"}, "geometry": {"type": "Point", "coordinates": [35.2177, 34.3183, 19.56]}}, {"type": "Feature", "id": "fb00256", "properties": {"mag": 5.1, "place": "near the coast of central Chile", "time": 1782968258458, "updated": 1782968318458, "url": "https://earthquake.usgs.gov/", "magType": "mwc", "type": "earthquake", "title": "M 5.1 - Tarapaca, Chile"}, "geometry": {"type": "Point", "coordinates": [-78.5051, -40.1196, 238.94]}}, {"type": "Feature", "id": "fb00111", "properties": {"mag": 5.0, "place": "Banda Sea", "time": 1782966934330, "updated": 1782966994330, "url": "https://earthquake.usgs.gov/", "magType": "mwc", "type": "earthquake", "title": "M 5.0 - south of Java, Indonesia"}, "geometry": {"type": "Point", "coordinates": [101.7966, 0.2165, 294.97]}}, {"type": "Feature", "id": "fb00110", "properties": {"mag": 4.7, "place": "south of Java, Indonesia", "time": 1782963111330, "updated": 1782963171330, "url": "https://earthquake.usgs.gov/", "magType": "mwc", "type": "earthquake", "title": "M 4.7 - Molucca Sea"}, "geometry": {"type": "Point", "coordinates": [123.8794, -7.305, 533.1]}}, {"type": "Feature", "id": "fb00155", "properties": {"mag": 4.8, "place": "near the coast of Luzon, Philippines", "time": 1782959474942, "updated": 1782959534942, "url": "https://earthquake.usgs.gov/", "magType": "mwc", "type": "earthquake", "title": "M 4.8 - Mindanao, Philippines"}, "geometry": {"type": "Point", "coordinates": [124.3141, 5.1333, 61.65]}}, {"type": "Feature", "id": "fb00106", "properties": {"mag": 5.0, "place": "Molucca Sea", "time": 1782958944493, "updated": 1782959004493, "url": "https://earthquake.usgs.gov/", "magType": "mwc", "type": "earthquake", "title": "M 5.0 - near Sulawesi, Indonesia"}, "geometry": {"type": "Point", "coordinates": [107.0067, 2.8866, 41.23]}}, {"type": "Feature", "id": "fb00339", "properties": {"mag": 6.1, "place": "south of the Kermadec Islands", "time": 1782953243837, "updated": 1782953303837, "url": "https://earthquake.usgs.gov/", "magType": "ml", "type": "earthquake", "title": "M 6.1 - off the east coast of the North Island, N.Z."}, "geometry": {"type": "Point", "coordinates": [-179.4708, -26.2158, 32.92]}}, {"type": "Feature", "id": "fb00198", "properties": {"mag": 5.1, "place": "E of Atka, Alaska", "time": 1782944043642, "updated": 1782944103642, "url": "https://earthquake.usgs.gov/", "magType": "mb", "type": "earthquake", "title": "M 5.1 - Fox Islands, Aleutian Is."}, "geometry": {"type": "Point", "coordinates": [-174.4034, 58.021, 13.6]}}, {"type": "Feature", "id": "fb00397", "properties": {"mag": 5.6, "place": "southern Iran", "time": 1782943540006, "updated": 1782943600006, "url": "https://earthquake.usgs.gov/", "magType": "mb", "type": "earthquake", "title": "M 5.6 - eastern Turkey"}, "geometry": {"type": "Point", "coordinates": [59.4868, 37.2979, 16.45]}}, {"type": "Feature", "id": "fb00006", "properties": {"mag": 4.9, "place": "Izu Islands, Japan region", "time": 1782941796378, "updated": 1782941856378, "url": "https://earthquake.usgs.gov/", "magType": "ml", "type": "earthquake", "title": "M 4.9 - ENE of Kuji, Japan"}, "geometry": {"type": "Point", "coordinates": [146.9876, 35.8097, 51.93]}}, {"type": "Feature", "id": "fb00076", "properties": {"mag": 7.9, "place": "Molucca Sea", "time": 1782940060760, "updated": 1782940120760, "url": "https://earthquake.usgs.gov/", "magType": "mww", "type": "earthquake", "title": "M 7.9 - Banda Sea"}, "geometry": {"type": "Point", "coordinates": [110.9921, -6.3629, 445.16]}}, {"type": "Feature", "id": "fb00033", "properties": {"mag": 5.2, "place": "off the east coast of Honshu, Japan", "time": 1782939337994, "updated": 1782939397994, "url": "https://earthquake.usgs.gov/", "magType": "ml", "type": "earthquake", "title": "M 5.2 - off the east coast of Honshu, Japan"}, "geometry": {"type": "Point", "coordinates": [143.9553, 41.6713, 11.72]}}, {"type": "Feature", "id": "fb00017", "properties": {"mag": 5.2, "place": "Kuril Islands", "time": 1782929368662, "updated": 1782929428662, "url": "https://earthquake.usgs.gov/", "magType": "mwc", "type": "earthquake", "title": "M 5.2 - Kuril Islands"}, "geometry": {"type": "Point", "coordinates": [141.9936, 41.3214, 7.39]}}, {"type": "Feature", "id": "fb00156", "properties": {"mag": 5.1, "place": "Mindanao, Philippines", "time": 1782923966766, "updated": 1782924026766, "url": "https://earthquake.usgs.gov/", "magType": "mwc", "type": "earthquake", "title": "M 5.1 - near the coast of Luzon, Philippines"}, "geometry": {"type": "Point", "coordinates": [128.6644, 19.3027, 55.94]}}, {"type": "Feature", "id": "fb00197", "properties": {"mag": 5.1, "place": "Andreanof Islands, Aleutian Is.", "time": 1782918802467, "updated": 1782918862467, "url": "https://earthquake.usgs.gov/", "magType": "ml", "type": "earthquake", "title": "M 5.1 - Fox Islands, Aleutian Is."}, "geometry": {"type": "Point", "coordinates": [-179.7073, 57.267, 269.57]}}, {"type": "Feature", "id": "fb00075", "properties": {"mag": 5.1, "place": "Molucca Sea", "time": 1782918732653, "updated": 1782918792653, "url": "https://earthquake.usgs.gov/", "magType": "mww", "type": "earthquake", "title": "M 5.1 - Molucca Sea"}, "geometry": {"type": "Point", "coordinates": [101.5696, -10.0581, 265.87]}}, {"type": "Feature", "id": "fb00375", "properties": {"mag": 4.7, "place": "Greece", "time": 1782905429459, "updated": 1782905489459, "url": "https://earthquake.usgs.gov/", "magType": "mb", "type": "earthquake", "title": "M 4.7 - eastern Turkey"}, "geometry": {"type": "Point", "coordinates": [26.9402, 35.2763, 27.59]}}, {"type": "Feature", "id": "fb00406", "properties": {"mag": 4.6, "place": "South Sandwich Islands region", "time": 1782900528383, "updated": 1782900588383, "url": "https://earthquake.usgs.gov/", "magType": "mb", "type": "earthquake", "title": "M 4.6 - central East Pacific Rise"}, "geometry": {"type": "Point", "coordinates": [108.3237, 47.1384, 49.3]}}, {"type": "Feature", "id": "fb00138", "properties": {"mag": 4.6, "place": "Samar, Philippines", "time": 1782896510528, "updated": 1782896570528, "url": "https://earthquake.usgs.gov/", "magType": "mww", "type": "earthquake", "title": "M 4.6 - near the coast of Luzon, Philippines"}, "geometry": {"type": "Point", "coordinates": [127.3832, 17.0169, 55.87]}}, {"type": "Feature", "id": "fb00125", "properties": {"mag": 5.3, "place": "off the coast of Sumatra, Indonesia", "time": 1782894558800, "updated": 1782894618800, "url": "https://earthquake.usgs.gov/", "magType": "mwc", "type": "earthquake", "title": "M 5.3 - Banda Sea"}, "geometry": {"type": "Point", "coordinates": [129.8846, -6.6906, 50.06]}}, {"type": "Feature", "id": "fb00374", "properties": {"mag": 4.5, "place": "Crete, Greece", "time": 1782893182660, "updated": 1782893242660, "url": "https://earthquake.usgs.gov/", "magType": "mb", "type": "earthquake", "title": "M 4.5 - Greece"}, "geometry": {"type": "Point", "coordinates": [38.2889, 33.005, 149.81]}}, {"type": "Feature", "id": "fb00241", "properties": {"mag": 5.8, "place": "Tarapaca, Chile", "time": 1782887620484, "updated": 1782887680484, "url": "https://earthquake.usgs.gov/", "magType": "ml", "type": "earthquake", "title": "M 5.8 - Tarapaca, Chile"}, "geometry": {"type": "Point", "coordinates": [-79.3188, -20.839, 12.53]}}, {"type": "Feature", "id": "fb00170", "properties": {"mag": 5.7, "place": "near the coast of Luzon, Philippines", "time": 1782887475791, "updated": 1782887535791, "url": "https://earthquake.usgs.gov/", "magType": "mww", "type": "earthquake", "title": "M 5.7 - Mindanao, Philippines"}, "geometry": {"type": "Point", "coordinates": [121.6509, 5.431, 25.23]}}, {"type": "Feature", "id": "fb00286", "properties": {"mag": 6.1, "place": "near the coast of Chiapas, Mexico", "time": 1782874035223, "updated": 1782874095223, "url": "https://earthquake.usgs.gov/", "magType": "mb", "type": "earthquake", "title": "M 6.1 - offshore Guatemala"}, "geometry": {"type": "Point", "coordinates": [-94.9951, 6.5283, 47.07]}}, {"type": "Feature", "id": "fb00043", "properties": {"mag": 4.7, "place": "off the east coast of Honshu, Japan", "time": 1782871748280, "updated": 1782871808280, "url": "https://earthquake.usgs.gov/", "magType": "ml", "type": "earthquake", "title": "M 4.7 - Kuril Islands"}, "geometry": {"type": "Point", "coordinates": [139.1576, 34.6751, 27.63]}}, {"type": "Feature", "id": "fb00172", "properties": {"mag": 6.0, "place": "near the coast of Luzon, Philippines", "time": 1782853472102, "updated": 1782853532102, "url": "https://earthquake.usgs.gov/", "magType": "ml", "type": "earthquake", "title": "M 6.0 - near the coast of Luzon, Philippines"}, "geometry": {"type": "Point", "coordinates": [125.7668, 16.5849, 41.03]}}, {"type": "Feature", "id": "fb00215", "properties": {"mag": 5.0, "place": "south of Alaska", "time": 1782845171555, "updated": 1782845231555, "url": "https://earthquake.usgs.gov/", "magType": "mww", "type": "earthquake", "title": "M 5.0 - Andreanof Islands, Aleutian Is."}, "geometry": {"type": "Point", "coordinates": [-178.5711, 58.6287, 48.59]}}, {"type": "Feature", "id": "fb00239", "properties": {"mag": 5.7, "place": "southern Peru", "time": 1782844206626, "updated": 1782844266626, "url": "https://earthquake.usgs.gov/", "magType": "ml", "type": "earthquake", "title": "M 5.7 - Tarapaca, Chile"}, "geometry": {"type": "Point", "coordinates": [-79.2707, -37.6131, 13.73]}}, {"type": "Feature", "id": "fb00332", "properties": {"mag": 6.1, "place": "Tonga", "time": 1782835089308, "updated": 1782835149308, "url": "https://earthquake.usgs.gov/", "magType": "mwc", "type": "earthquake", "title": "M 6.1 - Tonga"}, "geometry": {"type": "Point", "coordinates": [179.9871, -18.846, 45.24]}}, {"type": "Feature", "id": "fb00188", "properties": {"mag": 5.0, "place": "Fox Islands, Aleutian Is.", "time": 1782832746999, "updated": 1782832806999, "url": "https://earthquake.usgs.gov/", "magType": "mwc", "type": "earthquake", "title": "M 5.0 - Andreanof Islands, Aleutian Is."}, "geometry": {"type": "Point", "coordinates": [-166.8145, 55.4863, 103.59]}}, {"type": "Feature", "id": "fb00230", "properties": {"mag": 4.8, "place": "Argentina", "time": 1782828879020, "updated": 1782828939020, "url": "https://earthquake.usgs.gov/", "magType": "ml", "type": "earthquake", "title": "M 4.8 - Argentina"}, "geometry": {"type": "Point", "coordinates": [-77.012, -7.7454, 605.14]}}, {"type": "Feature", "id": "fb00383", "properties": {"mag": 4.5, "place": "Crete, Greece", "time": 1782818956778, "updated": 1782819016778, "url": "https://earthquake.usgs.gov/", "magType": "ml", "type": "earthquake", "title": "M 4.5 - Greece"}, "geometry": {"type": "Point", "coordinates": [54.9867, 37.0057, 47.64]}}, {"type": "Feature", "id": "fb00360", "properties": {"mag": 4.8, "place": "northern Mid-Atlantic Ridge", "time": 1782816106018, "updated": 1782816166018, "url": "https://earthquake.usgs.gov/", "magType": "mb", "type": "earthquake", "title": "M 4.8 - central Mid-Atlantic Ridge"}, "geometry": {"type": "Point", "coordinates": [-15.1366, -44.3431, 64.63]}}, {"type": "Feature", "id": "fb00190", "properties": {"mag": 4.6, "place": "Fox Islands, Aleutian Is.", "time": 1782812606916, "updated": 1782812666916, "url": "https://earthquake.usgs.gov/", "magType": "mww", "type": "earthquake", "title": "M 4.6 - E of Atka, Alaska"}, "geometry": {"type": "Point", "coordinates": [-172.7479, 57.8227, 274.52]}}, {"type": "Feature", "id": "fb00193", "properties": {"mag": 6.2, "place": "south of Alaska", "time": 1782792424281, "updated": 1782792484281, "url": "https://earthquake.usgs.gov/", "magType": "mwc", "type": "earthquake", "title": "M 6.2 - Andreanof Islands, Aleutian Is."}, "geometry": {"type": "Point", "coordinates": [171.349, 59.7179, 12.06]}}, {"type": "Feature", "id": "fb00009", "properties": {"mag": 4.9, "place": "Kuril Islands", "time": 1782789937588, "updated": 1782789997588, "url": "https://earthquake.usgs.gov/", "magType": "mww", "type": "earthquake", "title": "M 4.9 - Kuril Islands"}, "geometry": {"type": "Point", "coordinates": [150.1111, 42.7332, 45.7]}}, {"type": "Feature", "id": "fb00088", "properties": {"mag": 5.0, "place": "near Sulawesi, Indonesia", "time": 1782785176577, "updated": 1782785236577, "url": "https://earthquake.usgs.gov/", "magType": "mb", "type": "earthquake", "title": "M 5.0 - south of Java, Indonesia"}, "geometry": {"type": "Point", "coordinates": [95.723, 0.945, 6.35]}}, {"type": "Feature", "id": "fb00116", "properties": {"mag": 5.0, "place": "near Sulawesi, Indonesia", "time": 1782775688279, "updated": 1782775748279, "url": "https://earthquake.usgs.gov/", "magType": "mb", "type": "earthquake", "title": "M 5.0 - off the coast of Sumatra, Indonesia"}, "geometry": {"type": "Point", "coordinates": [105.7583, -6.3234, 17.89]}}, {"type": "Feature", "id": "fb00081", "properties": {"mag": 4.6, "place": "off the coast of Sumatra, Indonesia", "time": 1782766392787, "updated": 1782766452787, "url": "https://earthquake.usgs.gov/", "magType": "mwc", "type": "earthquake", "title": "M 4.6 - near Sulawesi, Indonesia"}, "geometry": {"type": "Point", "coordinates": [129.6417, -10.1791, 19.8]}}, {"type": "Feature", "id": "fb00108", "properties": {"mag": 4.6, "place": "near Sulawesi, Indonesia", "time": 1782742168570, "updated": 1782742228570, "url": "https://earthquake.usgs.gov/", "magType": "ml", "type": "earthquake", "title": "M 4.6 - off the coast of Sumatra, Indonesia"}, "geometry": {"type": "Point", "coordinates": [111.0992, -9.9157, 255.01]}}, {"type": "Feature", "id": "fb00162", "properties": {"mag": 4.9, "place": "near the coast of Luzon, Philippines", "time": 1782739588290, "updated": 1782739648290, "url": "https://earthquake.usgs.gov/", "magType": "ml", "type": "earthquake", "title": "M 4.9 - near the coast of Luzon, Philippines"}, "geometry": {"type": "Point", "coordinates": [122.9805, 17.9594, 358.62]}}, {"type": "Feature", "id": "fb00129", "properties": {"mag": 6.0, "place": "near Sulawesi, Indonesia", "time": 1782726980568, "updated": 1782727040568, "url": "https://earthquake.usgs.gov/", "magType": "mww", "type": "earthquake", "title": "M 6.0 - near Sulawesi, Indonesia"}, "geometry": {"type": "Point", "coordinates": [119.2878, -3.8931, 8.4]}}, {"type": "Feature", "id": "fb00094", "properties": {"mag": 5.0, "place": "Molucca Sea", "time": 1782725006392, "updated": 1782725066392, "url": "https://earthquake.usgs.gov/", "magType": "mww", "type": "earthquake", "title": "M 5.0 - Banda Sea"}, "geometry": {"type": "Point", "coordinates": [111.8985, 3.8311, 612.58]}}, {"type": "Feature", "id": "fb00271", "properties": {"mag": 4.9, "place": "near the coast of central Chile", "time": 1782715384210, "updated": 1782715444210, "url": "https://earthquake.usgs.gov/", "magType": "mb", "type": "earthquake", "title": "M 4.9 - southern Peru"}, "geometry": {"type": "Point", "coordinates": [-66.0197, -6.0313, 413.7]}}, {"type": "Feature", "id": "fb00217", "properties": {"mag": 4.9, "place": "Fox Islands, Aleutian Is.", "time": 1782715020441, "updated": 1782715080441, "url": "https://earthquake.usgs.gov/", "magType": "mww", "type": "earthquake", "title": "M 4.9 - E of Atka, Alaska"}, "geometry": {"type": "Point", "coordinates": [-173.3083, 59.4655, 286.19]}}, {"type": "Feature", "id": "fb00390", "properties": {"mag": 5.2, "place": "Afghanistan-Tajikistan border region", "time": 1782712578701, "updated": 1782712638701, "url": "https://earthquake.usgs.gov/", "magType": "mwc", "type": "earthquake", "title": "M 5.2 - Afghanistan-Tajikistan border region"}, "geometry": {"type": "Point", "coordinates": [48.6403, 38.392, 92.94]}}, {"type": "Feature", "id": "fb00055", "properties": {"mag": 5.3, "place": "near Hokkaido, Japan", "time": 1782711878719, "updated": 1782711938719, "url": "https://earthquake.usgs.gov/", "magType": "mww", "type": "earthquake", "title": "M 5.3 - ENE of Kuji, Japan"}, "geometry": {"type": "Point", "coordinates": [132.1899, 44.392, 198.13]}}, {"type": "Feature", "id": "fb00036", "properties": {"mag": 4.7, "place": "Kuril Islands", "time": 1782711089056, "updated": 1782711149056, "url": "https://earthquake.usgs.gov/", "magType": "mwc", "type": "earthquake", "title": "M 4.7 - Izu Islands, Japan region"}, "geometry": {"type": "Point", "coordinates": [133.7389, 41.6749, 64.38]}}, {"type": "Feature", "id": "fb00296", "properties": {"mag": 5.8, "place": "Oaxaca, Mexico", "time": 1782703585344, "updated": 1782703645344, "url": "https://earthquake.usgs.gov/", "magType": "mwc", "type": "earthquake", "title": "M 5.8 - near the coast of Chiapas, Mexico"}, "geometry": {"type": "Point", "coordinates": [-88.9417, 5.6179, 18.79]}}, {"type": "Feature", "id": "fb00022", "properties": {"mag": 4.7, "place": "ENE of Kuji, Japan", "time": 1782698601382, "updated": 1782698661382, "url": "https://earthquake.usgs.gov/", "magType": "mww", "type": "earthquake", "title": "M 4.7 - off the east coast of Honshu, Japan"}, "geometry": {"type": "Point", "coordinates": [129.8356, 34.4661, 34.92]}}, {"type": "Feature", "id": "fb00038", "properties": {"mag": 5.6, "place": "off the east coast of Honshu, Japan", "time": 1782689367682, "updated": 1782689427682, "url": "https://earthquake.usgs.gov/", "magType": "mb", "type": "earthquake", "title": "M 5.6 - Kuril Islands"}, "geometry": {"type": "Point", "coordinates": [145.0656, 37.6168, 402.37]}}, {"type": "Feature", "id": "fb00395", "properties": {"mag": 4.6, "place": "Afghanistan-Tajikistan border region", "time": 1782689053010, "updated": 1782689113010, "url": "https://earthquake.usgs.gov/", "magType": "ml", "type": "earthquake", "title": "M 4.6 - Crete, Greece"}, "geometry": {"type": "Point", "coordinates": [48.1117, 32.6841, 8.63]}}, {"type": "Feature", "id": "fb00273", "properties": {"mag": 5.3, "place": "near the coast of central Chile", "time": 1782684630135, "updated": 1782684690135, "url": "https://earthquake.usgs.gov/", "magType": "mwc", "type": "earthquake", "title": "M 5.3 - Argentina"}, "geometry": {"type": "Point", "coordinates": [-71.0087, -8.7987, 96.98]}}, {"type": "Feature", "id": "fb00352", "properties": {"mag": 4.6, "place": "south of the Kermadec Islands", "time": 1782680886721, "updated": 1782680946721, "url": "https://earthquake.usgs.gov/", "magType": "mww", "type": "earthquake", "title": "M 4.6 - Tonga"}, "geometry": {"type": "Point", "coordinates": [-173.6104, -25.3152, 241.07]}}, {"type": "Feature", "id": "fb00311", "properties": {"mag": 4.5, "place": "Kermadec Islands region", "time": 1782676475590, "updated": 1782676535590, "url": "https://earthquake.usgs.gov/", "magType": "mww", "type": "earthquake", "title": "M 4.5 - south of the Kermadec Islands"}, "geometry": {"type": "Point", "coordinates": [176.6473, -33.3482, 48.54]}}, {"type": "Feature", "id": "fb00136", "properties": {"mag": 4.6, "place": "Philippine Islands region", "time": 1782672411480, "updated": 1782672471480, "url": "https://earthquake.usgs.gov/", "magType": "ml", "type": "earthquake", "title": "M 4.6 - Samar, Philippines"}, "geometry": {"type": "Point", "coordinates": [119.6309, 6.1013, 38.14]}}, {"type": "Feature", "id": "fb00277", "properties": {"mag": 4.6, "place": "Oaxaca, Mexico", "time": 1782670085095, "updated": 1782670145095, "url": "https://earthquake.usgs.gov/", "magType": "mb", "type": "earthquake", "title": "M 4.6 - near the coast of Chiapas, Mexico"}, "geometry": {"type": "Point", "coordinates": [-90.2149, 17.5889, 18.62]}}, {"type": "Feature", "id": "fb00337", "properties": {"mag": 5.0, "place": "south of the Kermadec Islands", "time": 1782667752502, "updated": 1782667812502, "url": "https://earthquake.usgs.gov/", "magType": "mb", "type": "earthquake", "title": "M 5.0 - south of the Kermadec Islands"}, "geometry": {"type": "Point", "coordinates": [179.1463, -26.6738, 103.35]}}, {"type": "Feature", "id": "fb00095", "properties": {"mag": 4.5, "place": "off the coast of Sumatra, Indonesia", "time": 1782660247681, "updated": 1782660307681, "url": "https://earthquake.usgs.gov/", "magType": "ml", "type": "earthquake", "title": "M 4.5 - Banda Sea"}, "geometry": {"type": "Point", "coordinates": [109.0754, 2.0411, 11.14]}}, {"type": "Feature", "id": "fb00133", "properties": {"mag": 6.7, "place": "Molucca Sea", "time": 1782659478573, "updated": 1782659538573, "url": "https://earthquake.usgs.gov/", "magType": "mb", "type": "earthquake", "title": "M 6.7 - Molucca Sea"}, "geometry": {"type": "Point", "coordinates": [117.4807, -5.1684, 138.72]}}, {"type": "Feature", "id": "fb00247", "properties": {"mag": 6.4, "place": "off the coast of Antofagasta, Chile", "time": 1782646321656, "updated": 1782646381656, "url": "https://earthquake.usgs.gov/", "magType": "mwc", "type": "earthquake", "title": "M 6.4 - Tarapaca, Chile"}, "geometry": {"type": "Point", "coordinates": [-70.3777, -43.6741, 215.8]}}, {"type": "Feature", "id": "fb00195", "properties": {"mag": 4.8, "place": "Fox Islands, Aleutian Is.", "time": 1782629673360, "updated": 1782629733360, "url": "https://earthquake.usgs.gov/", "magType": "ml", "type": "earthquake", "title": "M 4.8 - Andreanof Islands, Aleutian Is."}, "geometry": {"type": "Point", "coordinates": [-168.6291, 56.4267, 203.47]}}, {"type": "Feature", "id": "fb00203", "properties": {"mag": 4.6, "place": "south of Alaska", "time": 1782608877531, "updated": 1782608937531, "url": "https://earthquake.usgs.gov/", "magType": "mww", "type": "earthquake", "title": "M 4.6 - Fox Islands, Aleutian Is."}, "geometry": {"type": "Point", "coordinates": [-166.7269, 57.9051, 64.12]}}, {"type": "Feature", "id": "fb00040", "properties": {"mag": 4.7, "place": "near Hokkaido, Japan", "time": 1782607490893, "updated": 1782607550893, "url": "https://earthquake.usgs.gov/", "magType": "mb", "type": "earthquake", "title": "M 4.7 - Izu Islands, Japan region"}, "geometry": {"type": "Point", "coordinates": [136.1888, 35.7923, 22.95]}}, {"type": "Feature", "id": "fb00349", "properties": {"mag": 4.5, "place": "Fiji region", "time": 1782606796317, "updated": 1782606856317, "url": "https://earthquake.usgs.gov/", "magType": "mww", "type": "earthquake", "title": "M 4.5 - south of the Kermadec Islands"}, "geometry": {"type": "Point", "coordinates": [178.0072, -31.0044, 54.67]}}, {"type": "Feature", "id": "fb00013", "properties": {"mag": 4.8, "place": "off the east coast of Honshu, Japan", "time": 1782598209553, "updated": 1782598269553, "url": "https://earthquake.usgs.gov/", "magType": "mww", "type": "earthquake", "title": "M 4.8 - near Hokkaido, Japan"}, "geometry": {"type": "Point", "coordinates": [147.2421, 43.1572, 296.44]}}, {"type": "Feature", "id": "fb00279", "properties": {"mag": 4.7, "place": "offshore Guatemala", "time": 1782592529115, "updated": 1782592589115, "url": "https://earthquake.usgs.gov/", "magType": "ml", "type": "earthquake", "title": "M 4.7 - near the coast of Chiapas, Mexico"}, "geometry": {"type": "Point", "coordinates": [-101.4869, 8.4925, 40.26]}}, {"type": "Feature", "id": "fb00173", "properties": {"mag": 4.6, "place": "Samar, Philippines", "time": 1782591409283, "updated": 1782591469283, "url": "https://earthquake.usgs.gov/", "magType": "mwc", "type": "earthquake", "title": "M 4.6 - Mindanao, Philippines"}, "geometry": {"type": "Point", "coordinates": [121.6344, 13.0441, 50.1]}}, {"type": "Feature", "id": "fb00340", "properties": {"mag": 5.3, "place": "Tonga", "time": 1782587563501, "updated": 1782587623501, "url": "https://earthquake.usgs.gov/", "magType": "mb", "type": "earthquake", "title": "M 5.3 - Tonga"}, "geometry": {"type": "Point", "coordinates": [-178.4026, -18.2917, 281.25]}}, {"type": "Feature", "id": "fb00150", "properties": {"mag": 5.5, "place": "Mindanao, Philippines", "time": 1782579735755, "updated": 1782579795755, "url": "https://earthquake.usgs.gov/", "magType": "mww", "type": "earthquake", "title": "M 5.5 - Philippine Islands region"}, "geometry": {"type": "Point", "coordinates": [124.1315, 5.783, 263.39]}}, {"type": "Feature", "id": "fb00122", "properties": {"mag": 5.4, "place": "south of Java, Indonesia", "time": 1782573430657, "updated": 1782573490657, "url": "https://earthquake.usgs.gov/", "magType": "mww", "type": "earthquake", "title": "M 5.4 - off the coast of Sumatra, Indonesia"}, "geometry": {"type": "Point", "coordinates": [114.4222, -3.4108, 51.57]}}, {"type": "Feature", "id": "fb00268", "properties": {"mag": 4.7, "place": "southern Peru", "time": 1782571260871, "updated": 1782571320871, "url": "https://earthquake.usgs.gov/", "magType": "ml", "type": "earthquake", "title": "M 4.7 - off the coast of Antofagasta, Chile"}, "geometry": {"type": "Point", "coordinates": [-70.9593, 0.987, 29.54]}}, {"type": "Feature", "id": "fb00260", "properties": {"mag": 5.2, "place": "southern Peru", "time": 1782570533204, "updated": 1782570593204, "url": "https://earthquake.usgs.gov/", "magType": "mb", "type": "earthquake", "title": "M 5.2 - off the coast of Antofagasta, Chile"}, "geometry": {"type": "Point", "coordinates": [-78.3216, -1.2256, 81.08]}}, {"type": "Feature", "id": "fb00324", "properties": {"mag": 5.3, "place": "Kermadec Islands region", "time": 1782568500901, "updated": 1782568560901, "url": "https://earthquake.usgs.gov/", "magType": "mww", "type": "earthquake", "title": "M 5.3 - off the east coast of the North Island, N.Z."}, "geometry": {"type": "Point", "coordinates": [-175.0853, -20.169, 192.97]}}, {"type": "Feature", "id": "fb00028", "properties": {"mag": 4.9, "place": "Kuril Islands", "time": 1782558174148, "updated": 1782558234148, "url": "https://earthquake.usgs.gov/", "magType": "mwc", "type": "earthquake", "title": "M 4.9 - near Hokkaido, Japan"}, "geometry": {"type": "Point", "coordinates": [139.0793, 45.2461, 12.74]}}, {"type": "Feature", "id": "fb00027", "properties": {"mag": 5.0, "place": "Kuril Islands", "time": 1782554256255, "updated": 1782554316255, "url": "https://earthquake.usgs.gov/", "magType": "ml", "type": "earthquake", "title": "M 5.0 - Kuril Islands"}, "geometry": {"type": "Point", "coordinates": [134.5819, 45.9741, 44.79]}}, {"type": "Feature", "id": "fb00249", "properties": {"mag": 5.4, "place": "Tarapaca, Chile", "time": 1782550935989, "updated": 1782550995989, "url": "https://earthquake.usgs.gov/", "magType": "ml", "type": "earthquake", "title": "M 5.4 - off the coast of Antofagasta, Chile"}, "geometry": {"type": "Point", "coordinates": [-76.6461, -16.2514, 189.32]}}, {"type": "Feature", "id": "fb00312", "properties": {"mag": 5.6, "place": "off the east coast of the North Island, N.Z.", "time": 1782540570715, "updated": 1782540630715, "url": "https://earthquake.usgs.gov/", "magType": "mww", "type": "earthquake", "title": "M 5.6 - south of the Kermadec Islands"}, "geometry": {"type": "Point", "coordinates": [179.2867, -36.2478, 350.44]}}, {"type": "Feature", "id": "fb00244", "properties": {"mag": 4.7, "place": "Tarapaca, Chile", "time": 1782533325744, "updated": 1782533385744, "url": "https://earthquake.usgs.gov/", "magType": "mww", "type": "earthquake", "title": "M 4.7 - near the coast of central Chile"}, "geometry": {"type": "Point", "coordinates": [-72.933, -42.3546, 427.91]}}, {"type": "Feature", "id": "fb00182", "properties": {"mag": 5.5, "place": "south of Alaska", "time": 1782518550997, "updated": 1782518610997, "url": "https://earthquake.usgs.gov/", "magType": "mww", "type": "earthquake", "title": "M 5.5 - south of Alaska"}, "geometry": {"type": "Point", "coordinates": [-172.5034, 57.6606, 9.74]}}, {"type": "Feature", "id": "fb00342", "properties": {"mag": 5.5, "place": "south of the Kermadec Islands", "time": 1782514543128, "updated": 1782514603128, "url": "https://earthquake.usgs.gov/", "magType": "mwc", "type": "earthquake", "title": "M 5.5 - Kermadec Islands region"}, "geometry": {"type": "Point", "coordinates": [175.7942, -33.9943, 36.66]}}, {"type": "Feature", "id": "fb00044", "properties": {"mag": 4.9, "place": "Kuril Islands", "time": 1782512528223, "updated": 1782512588223, "url": "https://earthquake.usgs.gov/", "magType": "ml", "type": "earthquake", "title": "M 4.9 - Izu Islands, Japan region"}, "geometry": {"type": "Point", "coordinates": [148.3638, 37.5167, 8.8]}}, {"type": "Feature", "id": "fb00191", "properties": {"mag": 5.6, "place": "south of Alaska", "time": 1782504857249, "updated": 1782504917249, "url": "https://earthquake.usgs.gov/", "magType": "mb", "type": "earthquake", "title": "M 5.6 - south of Alaska"}, "geometry": {"type": "Point", "coordinates": [-170.3435, 53.3473, 314.96]}}, {"type": "Feature", "id": "fb00071", "properties": {"mag": 4.8, "place": "near Sulawesi, Indonesia", "time": 1782474078886, "updated": 1782474138886, "url": "https://earthquake.usgs.gov/", "magType": "mww", "type": "earthquake", "title": "M 4.8 - Banda Sea"}, "geometry": {"type": "Point", "coordinates": [103.3467, -3.5574, 8.3]}}, {"type": "Feature", "id": "fb00058", "properties": {"mag": 7.9, "place": "near Hokkaido, Japan", "time": 1782466709959, "updated": 1782466769959, "url": "https://earthquake.usgs.gov/", "magType": "mww", "type": "earthquake", "title": "M 7.9 - off the east coast of Honshu, Japan"}, "geometry": {"type": "Point", "coordinates": [147.1629, 35.9526, 227.05]}}, {"type": "Feature", "id": "fb00187", "properties": {"mag": 6.9, "place": "Fox Islands, Aleutian Is.", "time": 1782454016720, "updated": 1782454076720, "url": "https://earthquake.usgs.gov/", "magType": "mb", "type": "earthquake", "title": "M 6.9 - south of Alaska"}, "geometry": {"type": "Point", "coordinates": [178.1977, 58.2176, 31.31]}}, {"type": "Feature", "id": "fb00137", "properties": {"mag": 4.7, "place": "near the coast of Luzon, Philippines", "time": 1782446405970, "updated": 1782446465970, "url": "https://earthquake.usgs.gov/", "magType": "mb", "type": "earthquake", "title": "M 4.7 - near the coast of Luzon, Philippines"}, "geometry": {"type": "Point", "coordinates": [126.3267, 19.2726, 632.42]}}, {"type": "Feature", "id": "fb00366", "properties": {"mag": 4.7, "place": "Reykjanes Ridge", "time": 1782403893043, "updated": 1782403953043, "url": "https://earthquake.usgs.gov/", "magType": "ml", "type": "earthquake", "title": "M 4.7 - southern Mid-Atlantic Ridge"}, "geometry": {"type": "Point", "coordinates": [-25.8605, 47.291, 5.22]}}, {"type": "Feature", "id": "fb00067", "properties": {"mag": 5.0, "place": "ENE of Kuji, Japan", "time": 1782391858495, "updated": 1782391918495, "url": "https://earthquake.usgs.gov/", "magType": "ml", "type": "earthquake", "title": "M 5.0 - near Hokkaido, Japan"}, "geometry": {"type": "Point", "coordinates": [147.1308, 31.6163, 137.85]}}, {"type": "Feature", "id": "fb00196", "properties": {"mag": 4.7, "place": "south of Alaska", "time": 1782389429566, "updated": 1782389489566, "url": "https://earthquake.usgs.gov/", "magType": "mwc", "type": "earthquake", "title": "M 4.7 - south of Alaska"}, "geometry": {"type": "Point", "coordinates": [-173.3643, 58.4369, 7.53]}}, {"type": "Feature", "id": "fb00052", "properties": {"mag": 6.6, "place": "off the east coast of Honshu, Japan", "time": 1782385911639, "updated": 1782385971639, "url": "https://earthquake.usgs.gov/", "magType": "mwc", "type": "earthquake", "title": "M 6.6 - Kuril Islands"}, "geometry": {"type": "Point", "coordinates": [129.2745, 34.754, 19.73]}}, {"type": "Feature", "id": "fb00181", "properties": {"mag": 4.9, "place": "south of Alaska", "time": 1782376180208, "updated": 1782376240208, "url": "https://earthquake.usgs.gov/", "magType": "ml", "type": "earthquake", "title": "M 4.9 - E of Atka, Alaska"}, "geometry": {"type": "Point", "coordinates": [-168.952, 55.0697, 59.09]}}, {"type": "Feature", "id": "fb00398", "properties": {"mag": 5.2, "place": "southern Iran", "time": 1782369245665, "updated": 1782369305665, "url": "https://earthquake.usgs.gov/", "magType": "mww", "type": "earthquake", "title": "M 5.2 - eastern Turkey"}, "geometry": {"type": "Point", "coordinates": [24.2739, 39.7072, 22.99]}}, {"type": "Feature", "id": "fb00262", "properties": {"mag": 5.2, "place": "Tarapaca, Chile", "time": 1782367252439, "updated": 1782367312439, "url": "https://earthquake.usgs.gov/", "magType": "mww", "type": "earthquake", "title": "M 5.2 - Tarapaca, Chile"}, "geometry": {"type": "Point", "coordinates": [-71.7217, -10.1026, 25.15]}}, {"type": "Feature", "id": "fb00145", "properties": {"mag": 5.4, "place": "near the coast of Luzon, Philippines", "time": 1782367066137, "updated": 1782367126137, "url": "https://earthquake.usgs.gov/", "magType": "mb", "type": "earthquake", "title": "M 5.4 - Philippine Islands region"}, "geometry": {"type": "Point", "coordinates": [127.8758, 9.8519, 299.99]}}, {"type": "Feature", "id": "fb00295", "properties": {"mag": 5.4, "place": "offshore Guatemala", "time": 1782354850934, "updated": 1782354910934, "url": "https://earthquake.usgs.gov/", "magType": "mwc", "type": "earthquake", "title": "M 5.4 - El Salvador"}, "geometry": {"type": "Point", "coordinates": [-90.1013, 17.3672, 273.23]}}, {"type": "Feature", "id": "fb00328", "properties": {"mag": 4.6, "place": "south of the Kermadec Islands", "time": 1782353303708, "updated": 1782353363708, "url": "https://earthquake.usgs.gov/", "magType": "mwc", "type": "earthquake", "title": "M 4.6 - Tonga"}, "geometry": {"type": "Point", "coordinates": [175.2661, -24.1417, 210.21]}}, {"type": "Feature", "id": "fb00216", "properties": {"mag": 5.2, "place": "E of Atka, Alaska", "time": 1782329393356, "updated": 1782329453356, "url": "https://earthquake.usgs.gov/", "magType": "mww", "type": "earthquake", "title": "M 5.2 - E of Atka, Alaska"}, "geometry": {"type": "Point", "coordinates": [-175.629, 58.7012, 214.56]}}, {"type": "Feature", "id": "fb00020", "properties": {"mag": 5.9, "place": "near Hokkaido, Japan", "time": 1782314787153, "updated": 1782314847153, "url": "https://earthquake.usgs.gov/", "magType": "mwc", "type": "earthquake", "title": "M 5.9 - Izu Islands, Japan region"}, "geometry": {"type": "Point", "coordinates": [139.3116, 37.5155, 577.19]}}, {"type": "Feature", "id": "fb00372", "properties": {"mag": 5.1, "place": "Reykjanes Ridge", "time": 1782302164237, "updated": 1782302224237, "url": "https://earthquake.usgs.gov/", "magType": "ml", "type": "earthquake", "title": "M 5.1 - Reykjanes Ridge"}, "geometry": {"type": "Point", "coordinates": [-15.0221, 40.4396, 64.47]}}, {"type": "Feature", "id": "fb00294", "properties": {"mag": 4.7, "place": "Nicaragua", "time": 1782286518438, "updated": 1782286578438, "url": "https://earthquake.usgs.gov/", "magType": "ml", "type": "earthquake", "title": "M 4.7 - offshore Guatemala"}, "geometry": {"type": "Point", "coordinates": [-91.4917, 14.1949, 166.22]}}, {"type": "Feature", "id": "fb00237", "properties": {"mag": 4.8, "place": "Tarapaca, Chile", "time": 1782282182028, "updated": 1782282242028, "url": "https://earthquake.usgs.gov/", "magType": "mb", "type": "earthquake", "title": "M 4.8 - near the coast of central Chile"}, "geometry": {"type": "Point", "coordinates": [-75.5764, -34.916, 434.89]}}, {"type": "Feature", "id": "fb00207", "properties": {"mag": 4.8, "place": "Andreanof Islands, Aleutian Is.", "time": 1782281463331, "updated": 1782281523331, "url": "https://earthquake.usgs.gov/", "magType": "mb", "type": "earthquake", "title": "M 4.8 - E of Atka, Alaska"}, "geometry": {"type": "Point", "coordinates": [174.8347, 57.5486, 132.49]}}, {"type": "Feature", "id": "fb00305", "properties": {"mag": 4.6, "place": "near the coast of Chiapas, Mexico", "time": 1782270535587, "updated": 1782270595587, "url": "https://earthquake.usgs.gov/", "magType": "mwc", "type": "earthquake", "title": "M 4.6 - Oaxaca, Mexico"}, "geometry": {"type": "Point", "coordinates": [-96.3758, 8.6258, 270.36]}}, {"type": "Feature", "id": "fb00232", "properties": {"mag": 6.3, "place": "southern Peru", "time": 1782267147871, "updated": 1782267207871, "url": "https://earthquake.usgs.gov/", "magType": "ml", "type": "earthquake", "title": "M 6.3 - off the coast of Antofagasta, Chile"}, "geometry": {"type": "Point", "coordinates": [-77.0285, -5.5212, 20.9]}}, {"type": "Feature", "id": "fb00102", "properties": {"mag": 4.6, "place": "south of Java, Indonesia", "time": 1782266176800, "updated": 1782266236800, "url": "https://earthquake.usgs.gov/", "magType": "mb", "type": "earthquake", "title": "M 4.6 - near Sulawesi, Indonesia"}, "geometry": {"type": "Point", "coordinates": [131.8613, 5.9952, 63.18]}}, {"type": "Feature", "id": "fb00077", "properties": {"mag": 4.7, "place": "Molucca Sea", "time": 1782259441154, "updated": 1782259501154, "url": "https://earthquake.usgs.gov/", "magType": "mb", "type": "earthquake", "title": "M 4.7 - near Sulawesi, Indonesia"}, "geometry": {"type": "Point", "coordinates": [125.029, 5.1021, 7.86]}}, {"type": "Feature", "id": "fb00302", "properties": {"mag": 5.3, "place": "Nicaragua", "time": 1782258804730, "updated": 1782258864730, "url": "https://earthquake.usgs.gov/", "magType": "ml", "type": "earthquake", "title": "M 5.3 - near the coast of Chiapas, Mexico"}, "geometry": {"type": "Point", "coordinates": [-97.9611, 19.8042, 21.36]}}, {"type": "Feature", "id": "fb00175", "properties": {"mag": 4.5, "place": "Mindanao, Philippines", "time": 1782253937023, "updated": 1782253997023, "url": "https://earthquake.usgs.gov/", "magType": "mww", "type": "earthquake", "title": "M 4.5 - near the coast of Luzon, Philippines"}, "geometry": {"type": "Point", "coordinates": [126.1293, 15.0684, 15.17]}}, {"type": "Feature", "id": "fb00035", "properties": {"mag": 5.0, "place": "off the east coast of Honshu, Japan", "time": 1782241057782, "updated": 1782241117782, "url": "https://earthquake.usgs.gov/", "magType": "mww", "type": "earthquake", "title": "M 5.0 - ENE of Kuji, Japan"}, "geometry": {"type": "Point", "coordinates": [147.2525, 41.3621, 268.82]}}, {"type": "Feature", "id": "fb00180", "properties": {"mag": 5.3, "place": "Andreanof Islands, Aleutian Is.", "time": 1782239016392, "updated": 1782239076392, "url": "https://earthquake.usgs.gov/", "magType": "mwc", "type": "earthquake", "title": "M 5.3 - Fox Islands, Aleutian Is."}, "geometry": {"type": "Point", "coordinates": [177.4174, 50.9418, 37.43]}}, {"type": "Feature", "id": "fb00072", "properties": {"mag": 4.8, "place": "Banda Sea", "time": 1782236748842, "updated": 1782236808842, "url": "https://earthquake.usgs.gov/", "magType": "mwc", "type": "earthquake", "title": "M 4.8 - south of Java, Indonesia"}, "geometry": {"type": "Point", "coordinates": [127.4174, -10.6076, 48.69]}}, {"type": "Feature", "id": "fb00235", "properties": {"mag": 4.9, "place": "Tarapaca, Chile", "time": 1782234231989, "updated": 1782234291989, "url": "https://earthquake.usgs.gov/", "magType": "ml", "type": "earthquake", "title": "M 4.9 - southern Peru"}, "geometry": {"type": "Point", "coordinates": [-75.7579, -29.5386, 11.52]}}, {"type": "Feature", "id": "fb00128", "properties": {"mag": 5.9, "place": "Banda Sea", "time": 1782233492059, "updated": 1782233552059, "url": "https://earthquake.usgs.gov/", "magType": "mb", "type": "earthquake", "title": "M 5.9 - off the coast of Sumatra, Indonesia"}, "geometry": {"type": "Point", "coordinates": [126.9654, -7.5568, 209.02]}}, {"type": "Feature", "id": "fb00316", "properties": {"mag": 5.2, "place": "off the east coast of the North Island, N.Z.", "time": 1782216482087, "updated": 1782216542087, "url": "https://earthquake.usgs.gov/", "magType": "mb", "type": "earthquake", "title": "M 5.2 - Fiji region"}, "geometry": {"type": "Point", "coordinates": [-171.171, -21.6334, 25.0]}}, {"type": "Feature", "id": "fb00157", "properties": {"mag": 4.8, "place": "Mindanao, Philippines", "time": 1782216024890, "updated": 1782216084890, "url": "https://earthquake.usgs.gov/", "magType": "mb", "type": "earthquake", "title": "M 4.8 - Samar, Philippines"}, "geometry": {"type": "Point", "coordinates": [122.498, 8.7747, 91.0]}}, {"type": "Feature", "id": "fb00098", "properties": {"mag": 5.8, "place": "near Sulawesi, Indonesia", "time": 1782215466515, "updated": 1782215526515, "url": "https://earthquake.usgs.gov/", "magType": "mwc", "type": "earthquake", "title": "M 5.8 - Banda Sea"}, "geometry": {"type": "Point", "coordinates": [114.4311, 5.9686, 204.54]}}, {"type": "Feature", "id": "fb00243", "properties": {"mag": 5.6, "place": "southern Peru", "time": 1782200630214, "updated": 1782200690214, "url": "https://earthquake.usgs.gov/", "magType": "ml", "type": "earthquake", "title": "M 5.6 - off the coast of Antofagasta, Chile"}, "geometry": {"type": "Point", "coordinates": [-70.6811, -32.8141, 23.06]}}, {"type": "Feature", "id": "fb00225", "properties": {"mag": 5.6, "place": "off the coast of Antofagasta, Chile", "time": 1782194159271, "updated": 1782194219271, "url": "https://earthquake.usgs.gov/", "magType": "ml", "type": "earthquake", "title": "M 5.6 - off the coast of Antofagasta, Chile"}, "geometry": {"type": "Point", "coordinates": [-70.0888, -28.8656, 569.32]}}, {"type": "Feature", "id": "fb00176", "properties": {"mag": 4.8, "place": "Fox Islands, Aleutian Is.", "time": 1782193401973, "updated": 1782193461973, "url": "https://earthquake.usgs.gov/", "magType": "mb", "type": "earthquake", "title": "M 4.8 - Andreanof Islands, Aleutian Is."}, "geometry": {"type": "Point", "coordinates": [-173.286, 58.4492, 395.72]}}, {"type": "Feature", "id": "fb00118", "properties": {"mag": 4.5, "place": "Molucca Sea", "time": 1782186043495, "updated": 1782186103495, "url": "https://earthquake.usgs.gov/", "magType": "mb", "type": "earthquake", "title": "M 4.5 - near Sulawesi, Indonesia"}, "geometry": {"type": "Point", "coordinates": [119.736, 0.4413, 47.83]}}, {"type": "Feature", "id": "fb00333", "properties": {"mag": 4.5, "place": "Fiji region", "time": 1782184036743, "updated": 1782184096743, "url": "https://earthquake.usgs.gov/", "magType": "mwc", "type": "earthquake", "title": "M 4.5 - Fiji region"}, "geometry": {"type": "Point", "coordinates": [-174.4438, -25.2163, 16.68]}}, {"type": "Feature", "id": "fb00281", "properties": {"mag": 5.7, "place": "offshore Guatemala", "time": 1782178338048, "updated": 1782178398048, "url": "https://earthquake.usgs.gov/", "magType": "ml", "type": "earthquake", "title": "M 5.7 - offshore Guatemala"}, "geometry": {"type": "Point", "coordinates": [-91.3667, 19.6392, 16.56]}}, {"type": "Feature", "id": "fb00057", "properties": {"mag": 5.2, "place": "near Hokkaido, Japan", "time": 1782178294011, "updated": 1782178354011, "url": "https://earthquake.usgs.gov/", "magType": "mwc", "type": "earthquake", "title": "M 5.2 - Izu Islands, Japan region"}, "geometry": {"type": "Point", "coordinates": [149.9271, 45.06, 434.75]}}, {"type": "Feature", "id": "fb00080", "properties": {"mag": 5.2, "place": "south of Java, Indonesia", "time": 1782165320991, "updated": 1782165380991, "url": "https://earthquake.usgs.gov/", "magType": "mwc", "type": "earthquake", "title": "M 5.2 - Banda Sea"}, "geometry": {"type": "Point", "coordinates": [104.4323, 5.6863, 27.82]}}, {"type": "Feature", "id": "fb00003", "properties": {"mag": 5.5, "place": "off the east coast of Honshu, Japan", "time": 1782146354141, "updated": 1782146414141, "url": "https://earthquake.usgs.gov/", "magType": "mww", "type": "earthquake", "title": "M 5.5 - Kuril Islands"}, "geometry": {"type": "Point", "coordinates": [150.9893, 37.1431, 71.86]}}, {"type": "Feature", "id": "fb00205", "properties": {"mag": 5.4, "place": "Fox Islands, Aleutian Is.", "time": 1782145126394, "updated": 1782145186394, "url": "https://earthquake.usgs.gov/", "magType": "mwc", "type": "earthquake", "title": "M 5.4 - Fox Islands, Aleutian Is."}, "geometry": {"type": "Point", "coordinates": [-171.7516, 58.8337, 40.69]}}, {"type": "Feature", "id": "fb00377", "properties": {"mag": 5.2, "place": "Crete, Greece", "time": 1782140783310, "updated": 1782140843310, "url": "https://earthquake.usgs.gov/", "magType": "mb", "type": "earthquake", "title": "M 5.2 - southern Iran"}, "geometry": {"type": "Point", "coordinates": [30.6734, 32.2924, 164.86]}}, {"type": "Feature", "id": "fb00109", "properties": {"mag": 5.7, "place": "near Sulawesi, Indonesia", "time": 1782116742846, "updated": 1782116802846, "url": "https://earthquake.usgs.gov/", "magType": "mww", "type": "earthquake", "title": "M 5.7 - south of Java, Indonesia"}, "geometry": {"type": "Point", "coordinates": [100.2145, -6.1915, 21.58]}}, {"type": "Feature", "id": "fb00132", "properties": {"mag": 5.2, "place": "Banda Sea", "time": 1782106843289, "updated": 1782106903289, "url": "https://earthquake.usgs.gov/", "magType": "mww", "type": "earthquake", "title": "M 5.2 - Banda Sea"}, "geometry": {"type": "Point", "coordinates": [114.8588, 3.7883, 18.21]}}, {"type": "Feature", "id": "fb00355", "properties": {"mag": 5.7, "place": "Tonga", "time": 1782101920462, "updated": 1782101980462, "url": "https://earthquake.usgs.gov/", "magType": "mww", "type": "earthquake", "title": "M 5.7 - Tonga"}, "geometry": {"type": "Point", "coordinates": [-172.6265, -35.2397, 51.36]}}, {"type": "Feature", "id": "fb00151", "properties": {"mag": 5.3, "place": "Philippine Islands region", "time": 1782094909359, "updated": 1782094969359, "url": "https://earthquake.usgs.gov/", "magType": "ml", "type": "earthquake", "title": "M 5.3 - Philippine Islands region"}, "geometry": {"type": "Point", "coordinates": [125.1362, 17.5158, 127.58]}}, {"type": "Feature", "id": "fb00074", "properties": {"mag": 5.7, "place": "Banda Sea", "time": 1782093045432, "updated": 1782093105432, "url": "https://earthquake.usgs.gov/", "magType": "mwc", "type": "earthquake", "title": "M 5.7 - south of Java, Indonesia"}, "geometry": {"type": "Point", "coordinates": [98.244, -8.5629, 44.87]}}, {"type": "Feature", "id": "fb00269", "properties": {"mag": 4.6, "place": "Tarapaca, Chile", "time": 1782092371542, "updated": 1782092431542, "url": "https://earthquake.usgs.gov/", "magType": "mb", "type": "earthquake", "title": "M 4.6 - off the coast of Antofagasta, Chile"}, "geometry": {"type": "Point", "coordinates": [-76.9193, 1.2037, 64.23]}}, {"type": "Feature", "id": "fb00164", "properties": {"mag": 4.6, "place": "Philippine Islands region", "time": 1782086192694, "updated": 1782086252694, "url": "https://earthquake.usgs.gov/", "magType": "ml", "type": "earthquake", "title": "M 4.6 - Philippine Islands region"}, "geometry": {"type": "Point", "coordinates": [120.2049, 13.7259, 21.22]}}, {"type": "Feature", "id": "fb00099", "properties": {"mag": 5.7, "place": "off the coast of Sumatra, Indonesia", "time": 1782085591700, "updated": 1782085651700, "url": "https://earthquake.usgs.gov/", "magType": "mwc", "type": "earthquake", "title": "M 5.7 - south of Java, Indonesia"}, "geometry": {"type": "Point", "coordinates": [114.5662, -10.3643, 39.74]}}, {"type": "Feature", "id": "fb00238", "properties": {"mag": 4.8, "place": "near the coast of central Chile", "time": 1782083238626, "updated": 1782083298626, "url": "https://earthquake.usgs.gov/", "magType": "mww", "type": "earthquake", "title": "M 4.8 - Argentina"}, "geometry": {"type": "Point", "coordinates": [-67.5839, 0.2576, 64.28]}}, {"type": "Feature", "id": "fb00047", "properties": {"mag": 4.7, "place": "off the east coast of Honshu, Japan", "time": 1782080188536, "updated": 1782080248536, "url": "https://earthquake.usgs.gov/", "magType": "ml", "type": "earthquake", "title": "M 4.7 - off the east coast of Honshu, Japan"}, "geometry": {"type": "Point", "coordinates": [147.7318, 38.6665, 19.35]}}, {"type": "Feature", "id": "fb00015", "properties": {"mag": 4.6, "place": "near Hokkaido, Japan", "time": 1782066610917, "updated": 1782066670917, "url": "https://earthquake.usgs.gov/", "magType": "mww", "type": "earthquake", "title": "M 4.6 - near Hokkaido, Japan"}, "geometry": {"type": "Point", "coordinates": [134.6762, 39.5656, 55.78]}}, {"type": "Feature", "id": "fb00112", "properties": {"mag": 5.0, "place": "Molucca Sea", "time": 1782063522562, "updated": 1782063582562, "url": "https://earthquake.usgs.gov/", "magType": "ml", "type": "earthquake", "title": "M 5.0 - Banda Sea"}, "geometry": {"type": "Point", "coordinates": [108.0577, -2.4631, 10.27]}}, {"type": "Feature", "id": "fb00051", "properties": {"mag": 4.7, "place": "Izu Islands, Japan region", "time": 1782061738867, "updated": 1782061798867, "url": "https://earthquake.usgs.gov/", "magType": "mww", "type": "earthquake", "title": "M 4.7 - off the east coast of Honshu, Japan"}, "geometry": {"type": "Point", "coordinates": [132.0158, 30.0909, 37.43]}}, {"type": "Feature", "id": "fb00389", "properties": {"mag": 4.6, "place": "eastern Turkey", "time": 1782046668400, "updated": 1782046728400, "url": "https://earthquake.usgs.gov/", "magType": "mb", "type": "earthquake", "title": "M 4.6 - southern Iran"}, "geometry": {"type": "Point", "coordinates": [61.7604, 31.3973, 41.17]}}, {"type": "Feature", "id": "fb00140", "properties": {"mag": 5.6, "place": "Samar, Philippines", "time": 1782035067821, "updated": 1782035127821, "url": "https://earthquake.usgs.gov/", "magType": "mwc", "type": "earthquake", "title": "M 5.6 - near the coast of Luzon, Philippines"}, "geometry": {"type": "Point", "coordinates": [119.9211, 10.421, 240.47]}}, {"type": "Feature", "id": "fb00251", "properties": {"mag": 5.4, "place": "near the coast of central Chile", "time": 1782029035131, "updated": 1782029095131, "url": "https://earthquake.usgs.gov/", "magType": "mb", "type": "earthquake", "title": "M 5.4 - off the coast of Antofagasta, Chile"}, "geometry": {"type": "Point", "coordinates": [-75.722, -9.3062, 245.25]}}, {"type": "Feature", "id": "fb00297", "properties": {"mag": 5.4, "place": "offshore Guatemala", "time": 1782026427271, "updated": 1782026487271, "url": "https://earthquake.usgs.gov/", "magType": "mwc", "type": "earthquake", "title": "M 5.4 - Oaxaca, Mexico"}, "geometry": {"type": "Point", "coordinates": [-98.4648, 6.1768, 386.73]}}, {"type": "Feature", "id": "fb00171", "properties": {"mag": 5.1, "place": "Mindanao, Philippines", "time": 1782024988951, "updated": 1782025048951, "url": "https://earthquake.usgs.gov/", "magType": "ml", "type": "earthquake", "title": "M 5.1 - Philippine Islands region"}, "geometry": {"type": "Point", "coordinates": [121.732, 4.0311, 63.73]}}, {"type": "Feature", "id": "fb00267", "properties": {"mag": 5.0, "place": "Tarapaca, Chile", "time": 1782021106657, "updated": 1782021166657, "url": "https://earthquake.usgs.gov/", "magType": "mwc", "type": "earthquake", "title": "M 5.0 - off the coast of Antofagasta, Chile"}, "geometry": {"type": "Point", "coordinates": [-73.6754, -5.4621, 43.16]}}, {"type": "Feature", "id": "fb00399", "properties": {"mag": 4.6, "place": "South Sandwich Islands region", "time": 1782002726180, "updated": 1782002786180, "url": "https://earthquake.usgs.gov/", "magType": "mwc", "type": "earthquake", "title": "M 4.6 - South Sandwich Islands region"}, "geometry": {"type": "Point", "coordinates": [-65.6987, 66.1377, 8.28]}}, {"type": "Feature", "id": "fb00131", "properties": {"mag": 5.4, "place": "off the coast of Sumatra, Indonesia", "time": 1781999877017, "updated": 1781999937017, "url": "https://earthquake.usgs.gov/", "magType": "ml", "type": "earthquake", "title": "M 5.4 - near Sulawesi, Indonesia"}, "geometry": {"type": "Point", "coordinates": [129.1665, 4.7426, 186.78]}}, {"type": "Feature", "id": "fb00152", "properties": {"mag": 6.3, "place": "Mindanao, Philippines", "time": 1781997575753, "updated": 1781997635753, "url": "https://earthquake.usgs.gov/", "magType": "mww", "type": "earthquake", "title": "M 6.3 - near the coast of Luzon, Philippines"}, "geometry": {"type": "Point", "coordinates": [128.3297, 11.6803, 485.14]}}, {"type": "Feature", "id": "fb00335", "properties": {"mag": 4.9, "place": "south of the Kermadec Islands", "time": 1781988368078, "updated": 1781988428078, "url": "https://earthquake.usgs.gov/", "magType": "ml", "type": "earthquake", "title": "M 4.9 - off the east coast of the North Island, N.Z."}, "geometry": {"type": "Point", "coordinates": [176.3895, -37.3902, 263.12]}}, {"type": "Feature", "id": "fb00214", "properties": {"mag": 4.6, "place": "south of Alaska", "time": 1781964883539, "updated": 1781964943539, "url": "https://earthquake.usgs.gov/", "magType": "mb", "type": "earthquake", "title": "M 4.6 - south of Alaska"}, "geometry": {"type": "Point", "coordinates": [-167.7352, 50.7566, 603.32]}}, {"type": "Feature", "id": "fb00265", "properties": {"mag": 6.4, "place": "off the coast of Antofagasta, Chile", "time": 1781955247481, "updated": 1781955307481, "url": "https://earthquake.usgs.gov/", "magType": "mwc", "type": "earthquake", "title": "M 6.4 - southern Peru"}, "geometry": {"type": "Point", "coordinates": [-68.9338, -3.6272, 461.85]}}, {"type": "Feature", "id": "fb00220", "properties": {"mag": 4.6, "place": "Fox Islands, Aleutian Is.", "time": 1781940255127, "updated": 1781940315127, "url": "https://earthquake.usgs.gov/", "magType": "mww", "type": "earthquake", "title": "M 4.6 - south of Alaska"}, "geometry": {"type": "Point", "coordinates": [-173.9173, 53.0354, 50.48]}}, {"type": "Feature", "id": "fb00240", "properties": {"mag": 7.0, "place": "Argentina", "time": 1781936719399, "updated": 1781936779399, "url": "https://earthquake.usgs.gov/", "magType": "ml", "type": "earthquake", "title": "M 7.0 - southern Peru"}, "geometry": {"type": "Point", "coordinates": [-79.7477, -1.8908, 217.34]}}, {"type": "Feature", "id": "fb00127", "properties": {"mag": 7.0, "place": "south of Java, Indonesia", "time": 1781899825588, "updated": 1781899885588, "url": "https://earthquake.usgs.gov/", "magType": "ml", "type": "earthquake", "title": "M 7.0 - near Sulawesi, Indonesia"}, "geometry": {"type": "Point", "coordinates": [97.8966, 0.8303, 479.46]}}, {"type": "Feature", "id": "fb00097", "properties": {"mag": 4.5, "place": "near Sulawesi, Indonesia", "time": 1781899361051, "updated": 1781899421051, "url": "https://earthquake.usgs.gov/", "magType": "mb", "type": "earthquake", "title": "M 4.5 - south of Java, Indonesia"}, "geometry": {"type": "Point", "coordinates": [123.5331, 2.6796, 46.91]}}, {"type": "Feature", "id": "fb00227", "properties": {"mag": 4.5, "place": "Argentina", "time": 1781893366501, "updated": 1781893426501, "url": "https://earthquake.usgs.gov/", "magType": "mwc", "type": "earthquake", "title": "M 4.5 - Argentina"}, "geometry": {"type": "Point", "coordinates": [-76.7005, -36.8194, 48.36]}}, {"type": "Feature", "id": "fb00039", "properties": {"mag": 5.1, "place": "Kuril Islands", "time": 1781887347720, "updated": 1781887407720, "url": "https://earthquake.usgs.gov/", "magType": "mwc", "type": "earthquake", "title": "M 5.1 - Izu Islands, Japan region"}, "geometry": {"type": "Point", "coordinates": [130.1372, 33.5003, 219.27]}}, {"type": "Feature", "id": "fb00008", "properties": {"mag": 5.1, "place": "Izu Islands, Japan region", "time": 1781885520073, "updated": 1781885580073, "url": "https://earthquake.usgs.gov/", "magType": "ml", "type": "earthquake", "title": "M 5.1 - ENE of Kuji, Japan"}, "geometry": {"type": "Point", "coordinates": [137.1184, 34.7472, 19.61]}}, {"type": "Feature", "id": "fb00274", "properties": {"mag": 4.6, "place": "southern Peru", "time": 1781881425211, "updated": 1781881485211, "url": "https://earthquake.usgs.gov/", "magType": "mwc", "type": "earthquake", "title": "M 4.6 - Argentina"}, "geometry": {"type": "Point", "coordinates": [-70.188, -4.4146, 62.31]}}, {"type": "Feature", "id": "fb00062", "properties": {"mag": 4.9, "place": "Kuril Islands", "time": 1781851235121, "updated": 1781851295121, "url": "https://earthquake.usgs.gov/", "magType": "mww", "type": "earthquake", "title": "M 4.9 - off the east coast of Honshu, Japan"}, "geometry": {"type": "Point", "coordinates": [150.3352, 33.5145, 7.93]}}, {"type": "Feature", "id": "fb00184", "properties": {"mag": 4.8, "place": "E of Atka, Alaska", "time": 1781849279225, "updated": 1781849339225, "url": "https://earthquake.usgs.gov/", "magType": "mww", "type": "earthquake", "title": "M 4.8 - south of Alaska"}, "geometry": {"type": "Point", "coordinates": [-177.8898, 56.618, 22.45]}}, {"type": "Feature", "id": "fb00168", "properties": {"mag": 4.9, "place": "Mindanao, Philippines", "time": 1781822316514, "updated": 1781822376514, "url": "https://earthquake.usgs.gov/", "magType": "ml", "type": "earthquake", "title": "M 4.9 - near the coast of Luzon, Philippines"}, "geometry": {"type": "Point", "coordinates": [126.9481, 5.222, 434.66]}}, {"type": "Feature", "id": "fb00117", "properties": {"mag": 4.8, "place": "off the coast of Sumatra, Indonesia", "time": 1781814626035, "updated": 1781814686035, "url": "https://earthquake.usgs.gov/", "magType": "mww", "type": "earthquake", "title": "M 4.8 - Molucca Sea"}, "geometry": {"type": "Point", "coordinates": [121.566, -4.7917, 53.81]}}, {"type": "Feature", "id": "fb00007", "properties": {"mag": 4.8, "place": "near Hokkaido, Japan", "time": 1781812745614, "updated": 1781812805614, "url": "https://earthquake.usgs.gov/", "magType": "mwc", "type": "earthquake", "title": "M 4.8 - off the east coast of Honshu, Japan"}, "geometry": {"type": "Point", "coordinates": [136.6288, 38.3354, 24.67]}}, {"type": "Feature", "id": "fb00165", "properties": {"mag": 4.8, "place": "Philippine Islands region", "time": 1781810724113, "updated": 1781810784113, "url": "https://earthquake.usgs.gov/", "magType": "mwc", "type": "earthquake", "title": "M 4.8 - Samar, Philippines"}, "geometry": {"type": "Point", "coordinates": [122.4464, 14.4582, 49.1]}}, {"type": "Feature", "id": "fb00200", "properties": {"mag": 4.9, "place": "E of Atka, Alaska", "time": 1781803601477, "updated": 1781803661477, "url": "https://earthquake.usgs.gov/", "magType": "ml", "type": "earthquake", "title": "M 4.9 - E of Atka, Alaska"}, "geometry": {"type": "Point", "coordinates": [172.9309, 57.9658, 215.31]}}, {"type": "Feature", "id": "fb00330", "properties": {"mag": 4.6, "place": "Tonga", "time": 1781802554769, "updated": 1781802614769, "url": "https://earthquake.usgs.gov/", "magType": "mb", "type": "earthquake", "title": "M 4.6 - off the east coast of the North Island, N.Z."}, "geometry": {"type": "Point", "coordinates": [179.3741, -19.799, 293.11]}}, {"type": "Feature", "id": "fb00113", "properties": {"mag": 4.7, "place": "Molucca Sea", "time": 1781800582764, "updated": 1781800642764, "url": "https://earthquake.usgs.gov/", "magType": "mwc", "type": "earthquake", "title": "M 4.7 - off the coast of Sumatra, Indonesia"}, "geometry": {"type": "Point", "coordinates": [107.3922, -6.955, 133.65]}}, {"type": "Feature", "id": "fb00307", "properties": {"mag": 4.8, "place": "Oaxaca, Mexico", "time": 1781792739256, "updated": 1781792799256, "url": "https://earthquake.usgs.gov/", "magType": "mb", "type": "earthquake", "title": "M 4.8 - offshore Guatemala"}, "geometry": {"type": "Point", "coordinates": [-105.1838, 7.4269, 323.53]}}, {"type": "Feature", "id": "fb00373", "properties": {"mag": 4.9, "place": "central Mid-Atlantic Ridge", "time": 1781786037327, "updated": 1781786097327, "url": "https://earthquake.usgs.gov/", "magType": "mwc", "type": "earthquake", "title": "M 4.9 - northern Mid-Atlantic Ridge"}, "geometry": {"type": "Point", "coordinates": [-27.0705, -17.234, 33.19]}}, {"type": "Feature", "id": "fb00179", "properties": {"mag": 4.7, "place": "E of Atka, Alaska", "time": 1781785032390, "updated": 1781785092390, "url": "https://earthquake.usgs.gov/", "magType": "mb", "type": "earthquake", "title": "M 4.7 - E of Atka, Alaska"}, "geometry": {"type": "Point", "coordinates": [-174.853, 59.9705, 39.1]}}, {"type": "Feature", "id": "fb00293", "properties": {"mag": 5.9, "place": "Oaxaca, Mexico", "time": 1781777661518, "updated": 1781777721518, "url": "https://earthquake.usgs.gov/", "magType": "mwc", "type": "earthquake", "title": "M 5.9 - near the coast of Chiapas, Mexico"}, "geometry": {"type": "Point", "coordinates": [-94.9782, 16.9807, 260.73]}}, {"type": "Feature", "id": "fb00012", "properties": {"mag": 6.2, "place": "Kuril Islands", "time": 1781754209626, "updated": 1781754269626, "url": "https://earthquake.usgs.gov/", "magType": "ml", "type": "earthquake", "title": "M 6.2 - off the east coast of Honshu, Japan"}, "geometry": {"type": "Point", "coordinates": [136.6849, 35.8281, 44.08]}}, {"type": "Feature", "id": "fb00119", "properties": {"mag": 4.7, "place": "off the coast of Sumatra, Indonesia", "time": 1781713127699, "updated": 1781713187699, "url": "https://earthquake.usgs.gov/", "magType": "mwc", "type": "earthquake", "title": "M 4.7 - south of Java, Indonesia"}, "geometry": {"type": "Point", "coordinates": [128.7788, 0.2265, 172.4]}}, {"type": "Feature", "id": "fb00139", "properties": {"mag": 4.7, "place": "near the coast of Luzon, Philippines", "time": 1781705047950, "updated": 1781705107950, "url": "https://earthquake.usgs.gov/", "magType": "mww", "type": "earthquake", "title": "M 4.7 - Mindanao, Philippines"}, "geometry": {"type": "Point", "coordinates": [120.824, 12.2571, 35.4]}}, {"type": "Feature", "id": "fb00388", "properties": {"mag": 5.1, "place": "Crete, Greece", "time": 1781701652139, "updated": 1781701712139, "url": "https://earthquake.usgs.gov/", "magType": "ml", "type": "earthquake", "title": "M 5.1 - Crete, Greece"}, "geometry": {"type": "Point", "coordinates": [29.4864, 36.9782, 81.65]}}, {"type": "Feature", "id": "fb00365", "properties": {"mag": 4.7, "place": "northern Mid-Atlantic Ridge", "time": 1781701402823, "updated": 1781701462823, "url": "https://earthquake.usgs.gov/", "magType": "ml", "type": "earthquake", "title": "M 4.7 - northern Mid-Atlantic Ridge"}, "geometry": {"type": "Point", "coordinates": [-31.2042, -31.4432, 46.43]}}, {"type": "Feature", "id": "fb00257", "properties": {"mag": 4.6, "place": "Argentina", "time": 1781700859291, "updated": 1781700919291, "url": "https://earthquake.usgs.gov/", "magType": "mb", "type": "earthquake", "title": "M 4.6 - Tarapaca, Chile"}, "geometry": {"type": "Point", "coordinates": [-76.0238, -43.1597, 271.13]}}]}